stop_id,adj_stop_ids
1000,"[1088, 1089, 1375, 1376, 1377, 1385, 1888, 1889, 2561, 2562, 2579, 3575, 6113]"
1088,"[1000, 1089, 1375, 1376, 1377, 1385, 1888, 1889, 2561, 2562, 2579, 6011, 6113]"
1089,"[1000, 1088, 1376, 1377, 1385, 1888, 1889, 2561, 2562, 2579, 2713, 6011, 6113]"
1375,"[1000, 1088, 1888, 1889, 2319, 2561, 3575, 6113]"
1376,"[1000, 1088, 1089, 1377, 1385, 1888, 1889, 2561, 2562, 2579, 2713, 6011, 6113]"
1377,"[1000, 1088, 1089, 1376, 1385, 1888, 1889, 2410, 2561, 2579, 2713, 6011, 6113]"
1385,"[1000, 1088, 1089, 1376, 1377, 1888, 2561, 2579, 2713, 3730, 6011, 6113]"
1888,"[1000, 1088, 1089, 1375, 1376, 1377, 1385, 2561, 2562, 2579, 3730, 6011, 6113]"
1889,"[1000, 1088, 1089, 1375, 1376, 1377, 2561, 2562, 2579, 6011, 6113]"
2561,"[1000, 1088, 1089, 1375, 1376, 1377, 1385, 1888, 1889, 2579, 6011, 6113]"
2562,"[1000, 1088, 1089, 1376, 1888, 1889, 1890, 6011, 6113]"
2579,"[1000, 1088, 1089, 1376, 1377, 1385, 1888, 1889, 2561, 2713, 3730, 6011, 6113]"
3575,"[1000, 1086, 1375, 2319, 2359, 2408, 6113]"
6113,"[1000, 1088, 1089, 1375, 1376, 1377, 1385, 1888, 1889, 2561, 2562, 2579, 3575, 6011]"
1001,"[1085, 1086, 2408]"
1085,"[1001, 1002]"
1086,"[1001, 1002, 2320, 2358, 3575]"
2408,"[1001, 2359, 3575]"
1002,"[1085, 1086]"
1003,[1084]
1084,[1003]
1004,[1082]
1082,[1004]
1005,[1083]
1083,"[1005, 3237]"
1006,[1080]
1080,[1006]
1007,"[1079, 1081]"
1079,"[1007, 1008]"
1081,[1007]
1008,[1079]
1009,[1077]
1077,[1009]
1010,[1076]
1076,[1010]
1011,[1543]
1543,[1011]
1012,[1074]
1074,[1012]
1013,"[1073, 2373, 2394]"
1073,"[1013, 2373, 2394]"
2373,"[1013, 1073, 2394]"
2394,"[1013, 1073, 2373]"
1014,"[1072, 3574]"
1072,"[1014, 1015]"
3574,[1014]
1015,"[1016, 1071, 1072]"
1016,"[1015, 1071, 4097, 4098]"
1071,"[1015, 1016, 4097, 4098]"
4097,"[1016, 1070, 1071, 4098]"
4098,"[1016, 1070, 1071, 4097]"
1017,"[1069, 1070, 2381]"
1069,"[1017, 1018, 1019]"
1070,"[1017, 2381, 4097, 4098]"
2381,"[1017, 1070]"
1018,"[1068, 1069]"
1068,"[1018, 1019]"
1019,"[1068, 1069]"
1020,"[1021, 3646]"
1021,"[1020, 3646]"
3646,"[1020, 1021]"
1022,"[1808, 1839, 2016, 3843]"
1808,"[1022, 1839, 2016]"
1839,"[1022, 1808, 2016]"
2016,"[1022, 1807, 1808, 1839]"
3843,"[1022, 3844]"
1023,"[1903, 1912, 2656, 2840, 5001]"
1903,"[1023, 1912, 2656, 2840, 5001]"
1912,"[1023, 1903, 2656, 2840, 5001]"
2656,"[1023, 1903, 1912, 2840, 5001]"
2840,"[1023, 1903, 1912, 2656, 5001]"
5001,"[1023, 1903, 1912, 2656, 2840]"
1025,"[2087, 3028, 3029, 3044]"
2087,"[1025, 3028, 3029, 3044]"
3028,"[1025, 2086, 2087, 3043, 3044]"
3029,"[1025, 2087, 3043, 3044]"
3044,"[1025, 1028, 2086, 2087, 3028, 3029]"
1026,"[1059, 1060, 2017]"
1059,"[1026, 1027]"
1060,"[1026, 2056]"
2017,"[1026, 2056, 3507]"
1027,[1059]
1028,"[2086, 3044]"
2086,"[1028, 3028, 3044]"
1029,[1299]
1299,"[1029, 1250, 1309]"
1030,"[1057, 1689, 3395]"
1057,"[1030, 1277, 1334, 3395]"
1689,"[1030, 1334, 1671, 1690]"
3395,"[1030, 1057, 1277, 1334]"
1031,"[2174, 2175]"
2174,[1031]
2175,"[1031, 2176, 2486, 2976, 4118, 4129]"
1032,[1669]
1669,[1032]
1033,"[2024, 2025, 3474]"
2024,[1033]
2025,"[1033, 3474]"
3474,"[1033, 2025]"
1034,[1037]
1037,[1034]
1035,"[1036, 5003]"
1036,"[1035, 5003]"
5003,"[1035, 1036]"
1038,[1053]
1053,[1038]
1040,[3901]
3901,[1040]
1041,"[1042, 1048, 1049, 1660, 2473, 2621]"
1042,"[1041, 1043, 1048, 1049, 1646, 1660, 2473, 2621, 4107]"
1048,"[1041, 1042, 1043, 1049, 1646, 1660, 2473, 2621, 4107]"
1049,"[1041, 1042, 1048, 1660, 2473]"
1660,"[1041, 1042, 1048, 1049, 1646, 2473, 4107]"
2473,"[1041, 1042, 1048, 1049, 1646, 1660, 4107]"
2621,"[1041, 1042, 1043, 1048, 1646, 2862, 4107]"
1043,"[1042, 1048, 1646, 2621, 4107]"
1646,"[1042, 1043, 1048, 1660, 2473, 2621, 4107]"
4107,"[1042, 1043, 1048, 1646, 1660, 2473, 2621]"
1044,[1047]
1047,[1044]
1050,[3481]
3481,[1050]
1051,[1054]
1054,[1051]
1052,[3731]
3731,[1052]
1277,"[1057, 1334, 3395]"
1334,"[1057, 1277, 1689, 3395]"
1058,"[1063, 1064, 1065, 1066, 4158, 6020, 6104]"
1063,"[1058, 1064, 1065, 1066, 4158, 6020, 6104]"
1064,"[1058, 1063, 1065, 1066, 6020, 6104]"
1065,"[1058, 1063, 1064, 1066, 6020, 6104]"
1066,"[1058, 1063, 1064, 1065, 6020, 6104]"
4158,"[1058, 1063, 1392, 1454, 4194]"
6020,"[1058, 1063, 1064, 1065, 1066, 6104]"
6104,"[1058, 1063, 1064, 1065, 1066, 6020]"
2056,"[1060, 1061, 2017]"
1061,"[2056, 3507]"
3507,"[1061, 2017]"
1062,[2043]
2043,[1062]
1078,"[1223, 1260, 1262, 1264, 6120]"
1223,"[1078, 1260, 1262, 1264, 6004, 6120]"
1260,"[1078, 1223, 1262, 1264, 6004, 6120]"
1262,"[1078, 1223, 1260, 1264, 6004, 6120]"
1264,"[1078, 1223, 1260, 1262, 6004, 6120]"
6120,"[1078, 1223, 1260, 1262, 1264, 6004]"
3237,"[1083, 3285]"
2320,"[1086, 2358, 2841]"
2358,"[1086, 2319, 2320, 2654]"
6011,"[1088, 1089, 1376, 1377, 1385, 1888, 1889, 2561, 2562, 2579, 2713, 6113]"
2713,"[1089, 1376, 1377, 1385, 2410, 2579, 6011]"
1090,"[2515, 2676]"
2515,"[1090, 2676]"
2676,"[1090, 2515]"
1092,"[2534, 2537, 2660, 2661]"
2534,"[1092, 2537, 2660, 2661]"
2537,"[1092, 2534, 2660]"
2660,"[1092, 2468, 2534, 2537, 2661]"
2661,"[1092, 2534, 2660]"
1093,"[3887, 3889]"
3887,"[1093, 3889]"
3889,"[1093, 3887]"
1094,[2520]
2520,"[1094, 4074]"
1095,[1101]
1101,[1095]
1096,[1120]
1120,[1096]
1097,[1119]
1119,[1097]
1098,"[1099, 1118]"
1099,"[1098, 1117, 1118]"
1118,"[1098, 1099, 1117]"
1117,"[1099, 1118]"
1100,"[1115, 3445, 4025]"
1115,"[1100, 1116, 3445, 3890, 4026, 4076]"
3445,"[1100, 1115, 1116, 3890, 4026]"
4025,[1100]
1102,[4024]
4024,[1102]
1104,[4013]
4013,[1104]
1105,"[3453, 3455, 4012]"
3453,"[1105, 3455, 4012]"
3455,"[1105, 3453, 4012]"
4012,"[1105, 3453, 3455]"
1106,[3454]
3454,[1106]
1107,[4083]
4083,[1107]
1108,[4082]
4082,[1108]
1109,"[4080, 4081]"
4080,"[1109, 1110]"
4081,[1109]
1110,"[4079, 4080]"
4079,"[1110, 1111]"
1111,[4079]
1112,[4027]
4027,"[1112, 3949]"
1113,"[4077, 4078]"
4077,[1113]
4078,"[1113, 3949]"
1114,[4076]
4076,"[1114, 1115]"
1116,"[1115, 3445, 3890, 4026]"
3890,"[1115, 1116, 3445, 4026]"
4026,"[1115, 1116, 3445, 3890]"
1121,[1133]
1133,[1121]
1126,"[1127, 1128, 1129, 1130, 2504, 3798, 3799, 3800, 4004, 4005, 6001, 6123]"
1127,"[1126, 1128, 1129, 1130, 2504, 3798, 3799, 3800, 4004, 4005, 6001, 6123]"
1128,"[1126, 1127, 1129, 1130, 2504, 3798, 3799, 3800, 4004, 4005, 6001, 6123]"
1129,"[1126, 1127, 1128, 1130, 2504, 3798, 3799, 3800, 4004, 4005, 6001, 6123]"
1130,"[1126, 1127, 1128, 1129, 2504, 3798, 3799, 3800, 4004, 4005, 6001, 6123]"
2504,"[1126, 1127, 1128, 1129, 1130, 3798, 3799, 4004, 4005, 6001, 6123]"
3798,"[1126, 1127, 1128, 1129, 1130, 2504, 3799, 3800, 4004, 4005, 6001, 6123]"
3799,"[1126, 1127, 1128, 1129, 1130, 2504, 3798, 3800, 4004, 4005, 6001, 6123]"
3800,"[1126, 1127, 1128, 1129, 1130, 3798, 3799, 4004, 4005, 6001, 6123]"
4004,"[1126, 1127, 1128, 1129, 1130, 2504, 3798, 3799, 3800, 4005, 6001, 6123]"
4005,"[1126, 1127, 1128, 1129, 1130, 2504, 3798, 3799, 3800, 4004, 6001, 6123]"
6001,"[1126, 1127, 1128, 1129, 1130, 2504, 3798, 3799, 3800, 4004, 4005, 6123]"
6123,"[1126, 1127, 1128, 1129, 1130, 2504, 3798, 3799, 3800, 4004, 4005, 6001]"
1131,"[1202, 2089]"
1202,"[1131, 2089]"
2089,"[1131, 1202]"
1132,[1201]
1201,[1132]
1134,"[1151, 3052]"
1151,[1134]
3052,"[1134, 2907, 2937, 3053]"
1135,"[1199, 1200, 2365, 2574, 3324, 3777]"
1199,[1135]
1200,"[1135, 1256, 2365, 2574, 3324, 3777]"
2365,"[1135, 1200, 1256, 2574, 3324, 3777]"
2574,"[1135, 1200, 1256, 1257, 2365, 3777]"
3324,"[1135, 1200, 2365]"
3777,"[1135, 1200, 1256, 1257, 2365, 2574]"
1136,[1198]
1198,[1136]
1137,[1197]
1197,[1137]
1138,"[1195, 1196]"
1195,"[1138, 1139]"
1196,"[1138, 1139]"
1139,"[1194, 1195, 1196]"
1194,"[1139, 1140]"
1140,[1194]
1141,[1193]
1193,"[1141, 1142]"
1142,[1193]
1143,[1191]
1191,[1143]
1144,"[1189, 1190]"
1189,"[1144, 1145]"
1190,[1144]
1145,[1189]
1146,"[1187, 1188]"
1187,[1146]
1188,[1146]
1147,"[1185, 1186]"
1185,"[1147, 1148]"
1186,[1147]
1148,"[1184, 1185]"
1184,"[1148, 1149]"
1149,[1184]
1150,[1183]
1183,[1150]
1152,"[1181, 1182]"
1181,"[1152, 3627]"
1182,"[1152, 3627]"
1155,"[1177, 1178]"
1177,"[1155, 1156]"
1178,[1155]
1156,[1177]
1157,[1176]
1176,[1157]
1158,"[1174, 1175]"
1174,"[1158, 1159, 1175]"
1175,"[1158, 1174]"
1159,[1174]
1160,[1173]
1173,"[1160, 1161]"
1161,"[1172, 1173]"
1172,"[1161, 2512, 3623]"
1162,"[1163, 1168, 1171, 2512, 2524]"
1163,"[1162, 1168]"
1168,"[1162, 1163]"
1171,"[1162, 2511, 2512, 2524, 3623]"
2512,"[1162, 1171, 1172, 2511, 2524, 3623]"
2524,"[1162, 1171, 2511, 2512, 2525, 3623]"
1165,"[1166, 1913, 1914, 2671, 2785, 2786, 3621]"
1166,"[1165, 1913, 1914, 2785, 3619, 3620, 3621]"
1913,"[1165, 1166, 2671, 2785, 2786, 3621]"
1914,"[1165, 1166, 2532, 2671, 2786]"
2671,"[1165, 1913, 1914, 2786]"
2785,"[1165, 1166, 1913, 2786, 3620, 3621]"
2786,"[1165, 1913, 1914, 2671, 2785]"
3621,"[1165, 1166, 1167, 1913, 2785, 3619, 3620, 3682]"
3619,"[1166, 1167, 3620, 3621, 3682]"
3620,"[1166, 1167, 2785, 3619, 3621, 3682]"
1167,"[3619, 3620, 3621, 3682]"
3682,"[1167, 3619, 3620, 3621]"
1170,"[1318, 1358, 4183]"
1318,"[1170, 1358, 4183]"
1358,"[1170, 1318, 4183]"
4183,"[1170, 1279, 1280, 1318, 1358]"
2511,"[1171, 2512, 2524, 2525, 3623]"
3623,"[1171, 1172, 2511, 2512, 2524]"
1180,[1203]
1203,[1180]
3627,"[1181, 1182, 3626]"
1192,"[2906, 2938, 3229]"
2906,"[1192, 2938, 3229]"
2938,"[1192, 2906, 3229]"
3229,"[1192, 2906, 2938]"
1256,"[1200, 1257, 2365, 2574, 3323, 3777, 6002, 6122]"
1204,"[1206, 1207, 4042, 4043]"
1206,"[1204, 4042, 4043]"
1207,"[1204, 2067, 4042, 4043]"
4042,"[1204, 1206, 1207, 4043]"
4043,"[1204, 1206, 1207, 4042]"
1205,"[2811, 3393]"
2811,"[1205, 3393, 3882]"
3393,"[1205, 2811]"
2067,"[1207, 1208, 1209]"
1208,[2067]
1209,[2067]
1210,"[3759, 4009]"
3759,"[1210, 4008, 4009]"
4009,"[1210, 3759, 4008]"
1211,[1314]
1314,[1211]
1212,"[2809, 2810]"
2809,[1212]
2810,[1212]
1213,[1214]
1214,[1213]
1219,[1220]
1220,"[1219, 2090, 2095]"
2090,"[1220, 2095, 3847]"
2095,"[1220, 2090]"
6004,"[1223, 1260, 1262, 1264, 6120]"
1233,"[2340, 2341]"
2340,"[1233, 1234]"
2341,"[1233, 1234]"
1234,"[2340, 2341]"
1235,[1274]
1274,"[1235, 1254]"
1236,[1251]
1251,[1236]
1245,"[1496, 1538, 2113]"
1496,"[1245, 1538, 2113]"
1538,"[1245, 1496, 2113]"
2113,"[1245, 1496, 1538]"
1250,"[1299, 1309, 3540]"
1309,"[1250, 1281, 1299, 3540]"
3540,"[1250, 1309]"
1252,[3511]
3511,[1252]
1253,[1254]
1254,"[1253, 1274]"
1257,"[1256, 2574, 3323, 3777, 6002, 6122]"
3323,"[1256, 1257, 6002, 6122]"
6002,"[1256, 1257, 3323, 6122]"
6122,"[1256, 1257, 3323, 6002]"
1258,[1312]
1312,[1258]
1259,[3857]
3857,[1259]
1265,[3925]
3925,[1265]
1266,[3924]
3924,[1266]
1267,[3923]
3923,[1267]
1268,[3922]
3922,"[1268, 1269]"
1269,[3922]
1270,"[1959, 1960, 6006]"
1959,"[1270, 1960, 3743, 6006]"
1960,"[1270, 1959, 3743, 6006]"
6006,"[1270, 1959, 1960, 3743]"
1272,"[1902, 2538, 2540, 3242, 3281, 6008, 6116]"
1902,"[1272, 1934, 2538, 3281, 3283]"
2538,"[1272, 1902, 1922, 1934, 3281, 3283]"
2540,"[1272, 1900, 6008, 6116]"
3242,[1272]
3281,"[1272, 1902, 1922, 2538]"
6008,"[1272, 1900, 2540, 6116]"
6116,"[1272, 1900, 2540, 6008]"
1273,"[1292, 1313, 1891, 1892, 2457, 6010]"
1292,"[1273, 1891, 1892, 2457, 6010]"
1313,"[1273, 1891, 2457, 2458, 6010]"
1891,"[1273, 1292, 1313, 1879, 1899, 2457, 2458, 6010]"
1892,"[1273, 1292, 1474, 1893, 1894, 1895, 1901, 2457, 3226]"
2457,"[1273, 1292, 1313, 1891, 1892, 1895, 6010]"
6010,"[1273, 1292, 1313, 1891, 2457, 2458]"
1275,"[1319, 3845, 3986, 4146]"
1319,"[1275, 3845, 4146]"
3845,"[1275, 1319, 4146]"
3986,"[1275, 4146]"
4146,"[1275, 1319, 3845, 3986]"
1276,[1278]
1278,[1276]
1279,"[1280, 4183]"
1280,"[1279, 1380, 4142, 4183]"
1380,"[1280, 4141, 4142]"
4142,"[1280, 1380]"
1281,"[1309, 1310]"
1310,[1281]
1282,"[1417, 2650]"
1417,"[1282, 2650]"
2650,"[1282, 1417]"
1283,[1290]
1290,[1283]
1284,[1289]
1289,[1284]
1287,[3531]
3531,[1287]
1288,"[2318, 3939]"
2318,"[1288, 3939]"
3939,"[1288, 2318]"
1291,"[1296, 1302]"
1296,"[1291, 1302]"
1302,"[1291, 1296]"
1294,[1317]
1317,[1294]
1295,[1316]
1316,[1295]
1297,[1315]
1315,[1297]
1298,"[1484, 1550]"
1484,"[1298, 1550]"
1550,"[1298, 1484]"
1300,[1308]
1308,[1300]
1311,"[1351, 1490, 1544]"
1351,"[1311, 1490, 1544]"
1490,"[1311, 1351, 1544]"
1544,"[1311, 1351, 1490]"
2458,"[1313, 1879, 1890, 1891, 1899, 6010, 6114]"
1321,"[1477, 3806]"
1477,"[1321, 3806, 4147]"
3806,"[1321, 1477, 4147]"
1325,"[3508, 6019, 6023, 6105]"
3508,"[1325, 3600, 6019, 6023, 6105]"
6019,"[1325, 3508, 3600, 6023, 6105]"
6023,"[1325, 3508, 3600, 6019, 6105]"
6105,"[1325, 3508, 3600, 6019, 6023]"
1326,"[1457, 1482, 3967]"
1457,"[1326, 1482, 2648, 3967]"
1482,"[1326, 1456, 1457, 3967]"
3967,"[1326, 1457, 1482, 2647]"
1327,"[3968, 4179]"
3968,[1327]
4179,[1327]
1328,[1353]
1353,[1328]
1329,[3971]
3971,[1329]
1330,[3960]
3960,[1330]
1331,[3972]
3972,[1331]
1332,"[3976, 3977]"
3976,"[1332, 1333]"
3977,"[1332, 1333]"
1333,"[3976, 3977]"
1335,[3979]
3979,[1335]
1336,"[1487, 1547, 3980]"
1487,"[1336, 1547, 3980]"
1547,"[1336, 1487, 3980]"
3980,"[1336, 1487, 1547]"
1337,"[3982, 3983]"
3982,[1337]
3983,"[1337, 1338]"
1338,[3983]
1339,[3984]
3984,[1339]
1340,[3985]
3985,[1340]
1342,[1731]
1731,[1342]
1343,"[1357, 3660, 4176, 4212]"
1357,"[1343, 3660, 4176, 4212]"
3660,"[1343, 1357, 4176, 4212]"
4176,"[1343, 1357, 1378, 3660, 4144, 4212]"
4212,"[1343, 1357, 3660, 4144, 4176]"
1345,"[1374, 4171]"
1374,"[1345, 4171]"
4171,"[1345, 1374]"
1346,[1373]
1373,[1346]
1347,[1372]
1372,[1347]
1348,"[1371, 4172]"
1371,"[1348, 4172]"
4172,"[1348, 1371, 4192]"
1349,[4192]
4192,"[1349, 4172]"
1350,[4190]
4190,[1350]
1356,"[1378, 1491, 4144, 4145, 4170]"
1378,"[1356, 1491, 4144, 4145, 4170, 4176]"
1491,"[1356, 1378, 4144, 4145, 4170]"
4144,"[1356, 1378, 1491, 4145, 4170, 4176, 4212]"
4145,"[1356, 1378, 1491, 4144, 4170]"
4170,"[1356, 1378, 1491, 4144, 4145]"
1362,"[4138, 4139]"
4138,"[1362, 2108]"
4139,[1362]
2319,"[1375, 2358, 3575]"
2410,"[1377, 2713, 2714]"
1379,[4143]
4143,[1379]
4141,"[1380, 1381]"
1381,[4141]
1384,[3539]
3539,[1384]
3730,"[1385, 1888, 2564, 2579]"
1386,"[1387, 1884, 1885, 2567, 2925, 3579]"
1387,"[1386, 1884, 1885, 2567, 3579]"
1884,"[1386, 1387, 2567]"
1885,"[1386, 1387, 2567, 2919, 2925, 3579]"
2567,"[1386, 1387, 1884, 1885]"
2925,"[1386, 1885, 1886, 2565, 2919, 3579]"
3579,"[1386, 1387, 1885, 1886, 2919, 2925]"
1390,"[1391, 1882, 1883, 2568, 6013, 6111]"
1391,"[1390, 1882, 1883, 2568, 2569, 6013, 6111]"
1882,"[1390, 1391, 2568, 2569]"
1883,"[1390, 1391, 2568, 2569, 6013, 6111]"
2568,"[1390, 1391, 1882, 1883, 2569, 6013, 6111]"
6013,"[1390, 1391, 1883, 2568, 6111]"
6111,"[1390, 1391, 1883, 2568, 6013]"
2569,"[1391, 1881, 1882, 1883, 2568]"
1392,"[1454, 4158, 4194]"
1454,"[1392, 4158, 4194]"
4194,"[1392, 1454, 4158]"
1394,[3858]
3858,[1394]
1396,[1451]
1451,[1396]
1398,[1449]
1449,[1398]
1399,"[1447, 1448, 1620]"
1447,"[1399, 1400, 1593]"
1448,"[1399, 1400, 1593]"
1620,"[1399, 1400, 1592, 1593]"
1400,"[1447, 1448, 1620, 1621]"
1621,"[1400, 1592, 1593]"
1401,"[1444, 1445, 1591, 1622, 4157]"
1444,"[1401, 1591, 1622, 4157]"
1445,"[1401, 1446, 3835]"
1591,"[1401, 1444, 1622, 4157]"
1622,"[1401, 1444, 1591, 4157]"
4157,"[1401, 1444, 1591, 1622]"
1406,[1654]
1654,[1406]
1409,"[1459, 1486]"
1459,"[1409, 1480]"
1486,"[1409, 1480, 4161]"
1414,"[1455, 1587, 4155, 4156]"
1455,"[1414, 1415, 1587, 4155, 4156]"
1587,"[1414, 1415, 1455, 4155, 4156]"
4155,"[1414, 1415, 1455, 1587]"
4156,"[1414, 1415, 1455, 1587]"
1415,"[1455, 1587, 4155, 4156]"
1416,"[4153, 4154]"
4153,"[1416, 3522, 3526]"
4154,"[1416, 3526]"
1418,[3519]
3519,[1418]
1419,[1433]
1433,"[1419, 1420]"
1420,"[1432, 1433]"
1432,"[1420, 1421]"
1421,"[1431, 1432]"
1431,"[1421, 1422]"
1422,"[1430, 1431, 3280]"
1430,"[1422, 1423]"
3280,[1422]
1423,[1430]
1424,[1429]
1429,[1424]
1425,"[1426, 1479, 4161]"
1426,"[1425, 1479, 4161]"
1479,"[1425, 1426, 4161]"
4161,"[1425, 1426, 1479, 1480, 1486]"
1427,[1478]
1478,[1427]
1428,"[2868, 2869, 3182, 3183, 3192, 4094]"
2868,"[1428, 2869, 3182, 3183, 3192, 4094]"
2869,"[1428, 2868, 2898, 3182, 3183, 3192, 4094]"
3182,"[1428, 2868, 2869, 3183, 3192, 4094]"
3183,"[1428, 2868, 2869, 3182, 3192, 4094]"
3192,"[1428, 2868, 2869, 3182, 3183, 4094]"
4094,"[1428, 2868, 2869, 3182, 3183, 3192]"
1434,"[1440, 2911, 2932, 2933, 6014, 6110]"
1440,"[1434, 2911, 2932, 2933, 6014, 6110]"
2911,"[1434, 1440, 2932, 2933, 6014, 6110]"
2932,"[1434, 1440, 2911, 6014, 6110]"
2933,"[1434, 1440, 2911, 6014, 6110]"
6014,"[1434, 1440, 2911, 2932, 2933, 6110]"
6110,"[1434, 1440, 2911, 2932, 2933, 6014]"
1435,"[2789, 2790]"
2789,"[1435, 1436]"
2790,[1435]
1436,"[2393, 2789]"
2393,"[1436, 1585, 1627]"
1443,[1623]
1623,[1443]
1446,"[1445, 3835]"
3835,"[1445, 1446]"
1593,"[1447, 1448, 1620, 1621]"
1456,"[1482, 1483]"
1483,[1456]
2648,"[1457, 2647]"
1458,"[1463, 2026, 2349, 2351, 6015, 6109]"
1463,"[1458, 2026, 2349, 2351, 6015, 6109]"
2026,"[1458, 1463, 2349, 2351, 6015, 6109]"
2349,"[1458, 1463, 2026, 2351, 6015, 6109]"
2351,"[1458, 1463, 2026, 2349, 6015, 6109]"
6015,"[1458, 1463, 2026, 2349, 2351, 6109]"
6109,"[1458, 1463, 2026, 2349, 2351, 6015]"
1480,"[1459, 1486, 4161]"
1460,"[1476, 3527]"
1476,"[1460, 1461]"
3527,"[1460, 1461]"
1461,"[1476, 3527]"
1462,[1475]
1475,[1462]
1464,"[1472, 1473]"
1472,[1464]
1473,"[1464, 1611]"
1465,"[1470, 1471]"
1470,"[1465, 1466]"
1471,[1465]
1466,"[1469, 1470]"
1469,[1466]
1467,"[1468, 2186, 2212, 3536]"
1468,"[1467, 2186, 2212, 3536]"
2186,"[1467, 1468, 2212]"
2212,"[1467, 1468, 1511, 1512, 1516, 1517, 1518, 1519, 1520, 1605, 2186, 3536, 6101]"
3536,"[1467, 1468, 1605, 2125, 2212]"
1611,"[1473, 1600, 6102]"
1474,"[1892, 1893, 1901, 3226, 6009, 6115]"
1893,"[1474, 1892, 1901, 3226, 6009, 6115]"
1901,"[1474, 1892, 1893, 1895, 3226, 6009, 6115]"
3226,"[1474, 1892, 1893, 1901, 6009, 6115]"
6009,"[1474, 1893, 1901, 3226, 6115]"
6115,"[1474, 1893, 1901, 3226, 6009]"
4147,"[1477, 3806]"
1481,"[2721, 2748]"
2721,"[1481, 2748]"
2748,"[1481, 2719, 2721]"
1485,"[1549, 3514, 3970]"
1549,"[1485, 3514, 3970]"
3514,"[1485, 1549, 3970]"
3970,"[1485, 1549, 3514, 3543]"
1488,[1546]
1546,[1488]
1489,[1545]
1545,"[1489, 2870]"
1492,[1541]
1541,[1492]
1494,[1540]
1540,[1494]
1495,[1539]
1539,[1495]
1497,[1537]
1537,[1497]
1498,"[1535, 1536]"
1535,"[1498, 1499]"
1536,"[1498, 1499]"
1499,"[1535, 1536]"
1500,[1534]
1534,[1500]
1501,[1533]
1533,[1501]
1502,[1532]
1532,[1502]
1503,"[1530, 2172, 2173]"
1530,"[1503, 2172, 2173]"
2172,"[1503, 1530]"
2173,"[1503, 1530]"
1504,[1529]
1529,[1504]
1505,"[2485, 2977]"
2485,"[1505, 1506, 2977]"
2977,"[1505, 1506, 2485]"
1506,"[2485, 2977]"
1507,[2298]
2298,[1507]
1509,"[1525, 2269, 2302]"
1525,"[1509, 2185, 2302]"
2269,"[1509, 2185]"
2302,"[1509, 1525]"
1510,[1524]
1524,[1510]
1511,"[1512, 1516, 1517, 1518, 1519, 1520, 1521, 1522, 2212, 6101]"
1512,"[1511, 1516, 1517, 1518, 1519, 1520, 1521, 1522, 2212, 6101]"
1516,"[1511, 1512, 1517, 1518, 1519, 1520, 1521, 1522, 2212, 6101]"
1517,"[1511, 1512, 1516, 1518, 1519, 1520, 1521, 1522, 2212, 6101]"
1518,"[1511, 1512, 1516, 1517, 1519, 1520, 1521, 1522, 2212, 6101]"
1519,"[1511, 1512, 1516, 1517, 1518, 1520, 1521, 1522, 2212, 6101]"
1520,"[1511, 1512, 1516, 1517, 1518, 1519, 1521, 1522, 2212, 6101]"
1521,"[1511, 1512, 1516, 1517, 1518, 1519, 1520, 1522, 6101]"
1522,"[1511, 1512, 1516, 1517, 1518, 1519, 1520, 1521, 6101]"
6101,"[1511, 1512, 1516, 1517, 1518, 1519, 1520, 1521, 1522, 2212]"
1523,[2159]
2159,"[1523, 4193, 4218]"
2185,"[1525, 2269]"
2870,"[1545, 2898]"
1548,[1666]
1666,[1548]
1563,"[1658, 2475, 4109]"
1658,"[1563, 2475, 4109]"
2475,"[1563, 1658, 4109]"
4109,"[1563, 1658, 2475]"
1565,"[1643, 2477]"
1643,"[1565, 1656, 2477]"
2477,"[1565, 1643, 1656]"
1567,[1640]
1640,[1567]
1569,"[1572, 1590, 1638, 6017, 6107]"
1572,"[1569, 1590, 6017, 6107]"
1590,"[1569, 1572, 1638, 6017, 6107]"
1638,"[1569, 1573, 1590]"
6017,"[1569, 1572, 1590, 6107]"
6107,"[1569, 1572, 1590, 6017]"
1573,[1638]
1576,"[1635, 4104]"
1635,"[1576, 4104]"
4104,"[1576, 1635]"
1577,[1633]
1633,"[1577, 1578]"
1578,"[1632, 1633]"
1632,"[1578, 1579]"
1579,[1632]
1580,"[1630, 1631]"
1630,"[1580, 3515]"
1631,[1580]
1584,[1628]
1628,[1584]
1585,"[1627, 2393]"
1627,"[1585, 2393]"
1586,[1626]
1626,[1586]
1588,[1625]
1625,[1588]
1589,[1624]
1624,[1589]
1592,"[1620, 1621]"
1594,[1619]
1619,[1594]
1595,[1618]
1618,"[1595, 3609]"
1596,[1616]
1616,[1596]
1597,[1615]
1615,[1597]
1600,"[1611, 1612, 6022, 6102]"
1612,"[1600, 6022, 6102]"
6022,"[1600, 1612, 6102]"
6102,"[1600, 1611, 1612, 6022]"
1601,[1610]
1610,[1601]
1602,[1609]
1609,[1602]
1603,"[1608, 4164, 4219]"
1608,"[1603, 4164, 4219]"
4164,"[1603, 1608, 4219]"
4219,"[1603, 1608, 4164]"
1605,"[2125, 2212, 3536]"
2125,"[1605, 3536]"
1606,[4152]
4152,[1606]
1613,[2900]
2900,[1613]
1614,[2899]
2899,[1614]
1617,[3609]
3609,"[1617, 1618]"
3515,[1630]
1642,[4110]
4110,[1642]
1656,"[1643, 2476, 2477]"
1648,[2479]
2479,[1648]
1649,"[1652, 1653]"
1652,"[1649, 1650]"
1653,[1649]
1650,"[1651, 1652]"
1651,[1650]
2476,"[1656, 1657]"
1657,[2476]
1659,[2474]
2474,[1659]
1662,[1663]
1663,[1662]
1664,[1694]
1694,[1664]
1665,[1693]
1693,[1665]
1670,[2085]
2085,[1670]
1671,"[1689, 1690]"
1690,"[1671, 1689]"
1672,[1675]
1675,"[1672, 1676]"
1676,"[1675, 2704]"
2704,"[1676, 2989]"
1677,[1679]
1679,[1677]
1678,"[3431, 5078]"
3431,"[1678, 3460, 5078]"
5078,"[1678, 3431]"
1680,"[1692, 2337, 2346]"
1692,"[1680, 2336, 2346]"
2337,"[1680, 2346]"
2346,"[1680, 1692, 2336, 2337]"
1681,"[2344, 2345]"
2344,"[1681, 1682]"
2345,[1681]
1682,"[2344, 3561]"
3561,"[1682, 1683]"
1683,[3561]
1684,[2389]
2389,[1684]
1685,[1686]
1686,[1685]
1687,[1688]
1688,[1687]
1691,"[1785, 1786, 1805, 1842]"
1785,"[1691, 1805, 1842]"
1786,"[1691, 1794, 1805, 1842]"
1805,"[1691, 1785, 1786, 1794, 1842]"
1842,"[1691, 1785, 1786, 1794, 1805]"
2336,"[1692, 2346]"
1695,"[1696, 3184]"
1696,"[1695, 3191]"
3184,"[1695, 3191]"
3191,"[1696, 3184]"
1697,"[1764, 1854, 3493, 3495, 3497, 3499]"
1764,"[1697, 1854, 3488, 3493, 3495, 3497, 3499, 6016, 6024, 6108]"
1854,"[1697, 1764, 1853]"
3493,"[1697, 1764, 3488, 3489, 3490, 3491, 3495, 3497, 3499, 6016, 6024, 6108]"
3495,"[1697, 1764, 3488, 3489, 3490, 3491, 3493, 3497, 3499, 6016, 6024, 6108]"
3497,"[1697, 1764, 3488, 3489, 3490, 3491, 3493, 3495, 3499, 6016, 6024, 6108]"
3499,"[1697, 1764, 3488, 3489, 3490, 3491, 3493, 3495, 3497, 6016, 6024, 6108]"
1698,[1763]
1763,[1698]
1699,[1762]
1762,[1699]
1700,[1761]
1761,"[1700, 1701]"
1701,"[1759, 1760, 1761]"
1759,[1701]
1760,[1701]
1703,[1758]
1758,[1703]
1704,[1757]
1757,[1704]
1705,[1756]
1756,"[1705, 1706, 1755, 1859]"
1706,"[1755, 1756, 1859]"
1755,"[1706, 1756, 1859]"
1859,"[1706, 1755, 1756]"
1710,[1752]
1752,[1710]
1711,[1751]
1751,[1711]
1714,[1748]
1748,[1714]
1715,[1747]
1747,[1715]
1716,"[3173, 3891, 3892]"
3173,"[1716, 3891, 3892]"
3891,"[1716, 3173, 3892]"
3892,"[1716, 3173, 3891]"
1717,"[1744, 1824, 1830, 2052, 2053]"
1744,"[1717, 1824, 1830, 2052, 2053]"
1824,"[1717, 1744, 1830, 3746]"
1830,"[1717, 1744, 1824, 2052]"
2052,"[1717, 1718, 1719, 1742, 1743, 1744, 1830, 2053]"
2053,"[1717, 1718, 1719, 1742, 1743, 1744, 2052]"
1718,"[1742, 1743, 2052, 2053]"
1742,"[1718, 1719, 2052, 2053]"
1743,"[1718, 1719, 2052, 2053]"
1719,"[1741, 1742, 1743, 2052, 2053]"
1741,"[1719, 1720, 1721]"
1720,"[1740, 1741]"
1740,"[1720, 1721]"
1721,"[1740, 1741]"
1722,[1739]
1739,[1722]
1723,[1738]
1738,"[1723, 1724]"
1724,"[1737, 1738]"
1737,"[1724, 1725, 1726]"
1725,"[1735, 1736, 1737]"
1735,"[1725, 1726]"
1736,"[1725, 1726]"
1726,"[1735, 1736, 1737]"
1727,[1734]
1734,[1727]
1728,"[2308, 3641]"
2308,"[1728, 3641, 3801]"
3641,"[1728, 2308]"
1745,"[1746, 3746]"
1746,"[1745, 3746]"
3746,"[1745, 1746, 1824]"
3488,"[1764, 3489, 3490, 3491, 3493, 3495, 3497, 3499, 6016, 6024, 6108]"
6016,"[1764, 3488, 3489, 3490, 3491, 3493, 3495, 3497, 3499, 6024, 6108]"
6024,"[1764, 3488, 3489, 3490, 3491, 3493, 3495, 3497, 3499, 6016, 6108]"
6108,"[1764, 3488, 3489, 3490, 3491, 3493, 3495, 3497, 3499, 6016, 6024]"
1773,"[1865, 3035, 3036, 3037]"
1865,"[1773, 3035, 3036, 3037, 3038]"
3035,"[1773, 1865, 3037, 3038]"
3036,"[1773, 1865, 3037, 3038]"
3037,"[1773, 1865, 3035, 3036]"
1774,"[1845, 1864, 2061, 2105]"
1845,"[1774, 1776, 1777, 1864, 2061, 2105]"
1864,"[1774, 1845, 2061, 2105]"
2061,"[1774, 1776, 1845, 1864, 2105]"
2105,"[1774, 1776, 1845, 1864, 2061]"
1776,"[1777, 1804, 1844, 1845, 2061, 2105]"
1777,"[1776, 1804, 1844, 1845]"
1804,"[1776, 1777, 1844]"
1844,"[1776, 1777, 1804]"
1780,"[2059, 2063]"
2059,"[1780, 2063]"
2063,"[1780, 2059]"
1782,[3724]
3724,[1782]
1794,"[1786, 1805, 1842]"
1787,[1793]
1793,"[1787, 1788]"
1788,"[1792, 1793]"
1792,"[1788, 2385, 2386]"
2385,"[1792, 2399]"
2386,"[1792, 2399]"
1806,[1841]
1841,[1806]
1807,"[1840, 2016]"
1840,[1807]
1809,[1838]
1838,[1809]
1810,"[1836, 1837]"
1836,"[1810, 1811]"
1837,[1810]
1811,"[1835, 1836]"
1835,"[1811, 1812]"
1812,"[1834, 1835]"
1834,"[1812, 1820, 1821]"
1820,"[1833, 1834]"
1833,"[1820, 1821]"
1821,"[1833, 1834]"
1822,[1832]
1832,[1822]
1823,"[1831, 3954, 3961]"
1831,"[1823, 3954, 3961]"
3954,"[1823, 1831, 3961]"
3961,"[1823, 1831, 3954]"
1826,[1829]
1829,[1826]
1827,[1828]
1828,[1827]
1846,[1863]
1863,[1846]
1847,"[1862, 2387, 2398, 3608]"
1862,"[1847, 2387, 2398]"
2387,"[1847, 1862, 2398]"
2398,"[1847, 1862, 2387]"
3608,"[1847, 3607]"
1848,[1861]
1861,[1848]
1849,"[1860, 2055]"
1860,"[1849, 2055]"
2055,"[1849, 1860]"
1850,[1858]
1858,[1850]
1851,"[1856, 1857, 2054]"
1856,"[1851, 2733, 2737]"
1857,"[1851, 2054]"
2054,"[1851, 1857, 2732, 2738]"
1852,[1855]
1855,"[1852, 1853]"
1853,"[1854, 1855]"
2733,"[1856, 2737]"
2737,"[1856, 2733]"
3038,"[1865, 3035, 3036]"
1866,"[2619, 3477]"
2619,[1866]
3477,"[1866, 3478]"
1867,[1868]
1868,[1867]
1870,"[2614, 2861]"
2614,"[1870, 1871]"
2861,[1870]
1871,"[2613, 2614]"
2613,"[1871, 1872]"
1872,[2613]
1873,"[2612, 2624, 2860, 2967, 2968, 3642]"
2612,"[1873, 2860, 2967, 2968]"
2624,"[1873, 2860]"
2860,"[1873, 2612, 2624]"
2967,"[1873, 2612, 2968, 3642]"
2968,"[1873, 2612, 2967, 3642]"
3642,"[1873, 1874, 2967, 2968]"
1874,"[2603, 2611, 3642]"
2603,"[1874, 2575, 2611]"
2611,"[1874, 1875, 2603]"
1875,"[2610, 2611]"
2610,"[1875, 1876]"
1876,[2610]
1878,"[2572, 3576]"
2572,"[1878, 3576, 3715]"
3576,"[1878, 2572, 3715]"
1879,"[1891, 1899, 2458, 6114]"
1899,"[1879, 1891, 2458, 6114]"
6114,"[1879, 1890, 1899, 2458]"
1880,[2571]
2571,[1880]
1881,"[2569, 2570]"
2570,[1881]
2919,"[1885, 1886, 2565, 2925, 3579]"
1886,"[2565, 2919, 2925, 3579]"
2565,"[1886, 2919, 2925]"
1887,"[2564, 2920, 2924, 6012, 6112]"
2564,"[1887, 2920, 2924, 3730, 6012, 6112]"
2920,"[1887, 2564, 2924, 6012, 6112]"
2924,"[1887, 2564, 2920, 6012, 6112]"
6012,"[1887, 2564, 2920, 2924, 6112]"
6112,"[1887, 2564, 2920, 2924, 6012]"
1890,"[2458, 2562, 6114]"
1894,"[1892, 1895, 1921, 1930, 2539, 2541]"
1895,"[1892, 1894, 1901, 1930, 2457, 2539, 2541]"
1921,"[1894, 1930, 2539, 2541]"
1930,"[1894, 1895, 1921, 2539, 2541]"
2539,"[1894, 1895, 1921, 1930, 2541]"
2541,"[1894, 1895, 1921, 1930, 2539]"
1896,"[2543, 2544]"
2543,"[1896, 1897]"
2544,"[1896, 1897]"
1897,"[2543, 2544]"
1898,[2542]
2542,[1898]
1900,"[2540, 6008, 6116]"
1934,"[1902, 2538, 3283]"
3283,"[1902, 1934, 2538, 3238]"
1904,"[2536, 6007, 6117]"
2536,"[1904, 6007, 6117]"
6007,"[1904, 2536, 6117]"
6117,"[1904, 2536, 6007]"
1905,[2730]
2730,[1905]
1907,"[2006, 4015, 4048, 6118]"
2006,"[1907, 4015, 4048, 6118]"
4015,"[1907, 2006, 4048, 6118]"
4048,"[1907, 2006, 4015, 6118]"
6118,"[1907, 2006, 4015, 4048]"
1909,"[1957, 4099]"
1957,"[1909, 4099]"
4099,"[1909, 1957]"
1910,[2535]
2535,[1910]
1911,[3581]
3581,[1911]
2532,[1914]
1915,"[2509, 2526, 4072, 4073]"
2509,"[1915, 2526, 4072, 4073]"
2526,"[1915, 2509, 4072, 4073]"
4072,"[1915, 2509, 2525, 2526, 4073]"
4073,"[1915, 2509, 2526, 4072]"
1916,[2508]
2508,[1916]
1917,[2507]
2507,[1917]
1918,[2505]
2505,[1918]
1920,[2088]
2088,[1920]
1922,"[2538, 3281]"
1923,[1924]
1924,[1923]
1925,"[2041, 4035]"
2041,"[1925, 4035]"
4035,"[1925, 2041]"
1926,[2040]
2040,[1926]
1927,[2039]
2039,[1927]
1928,[2038]
2038,[1928]
1929,[3595]
3595,[1929]
1931,[2035]
2035,[1931]
1932,[1933]
1933,[1932]
1935,"[2333, 3560]"
2333,"[1935, 3560]"
3560,"[1935, 2333]"
1936,[1937]
1937,[1936]
1938,"[2158, 3862, 3863]"
2158,"[1938, 3862, 3863]"
3862,"[1938, 2158, 3863]"
3863,"[1938, 2158, 3862]"
1939,"[2563, 2566, 2635]"
2563,"[1939, 2566, 2635]"
2566,"[1939, 2563, 2635]"
2635,"[1939, 2563, 2566]"
1940,"[1953, 2853]"
1953,"[1940, 2853, 2922]"
2853,"[1940, 1953]"
1941,[2023]
2023,[1941]
1942,"[1943, 2022, 2424]"
1943,"[1942, 2022, 2424]"
2022,"[1942, 1943, 2424]"
2424,"[1942, 1943, 2022]"
1944,[2021]
2021,"[1944, 1945]"
1945,"[1946, 2020, 2021]"
1946,"[1945, 2020, 2423, 2440]"
2020,"[1945, 1946]"
2423,"[1946, 2440]"
2440,"[1946, 2423]"
1947,"[2014, 2015]"
2014,"[1947, 1948]"
2015,[1947]
1948,[2014]
1949,[2013]
2013,"[1949, 1950]"
1950,[2013]
2922,"[1953, 2926]"
1954,"[2664, 2665, 2835, 4057, 4058]"
2664,"[1954, 2010, 3606]"
2665,"[1954, 2666, 2835, 4057, 4058]"
2835,"[1954, 2665, 2666, 4057, 4058]"
4057,"[1954, 2665, 2666, 2835, 4058]"
4058,"[1954, 2665, 2666, 2835, 4057]"
1958,[2689]
2689,"[1958, 2767]"
3743,"[1959, 1960, 6006]"
1961,"[2003, 2004]"
2003,"[1961, 1962]"
2004,[1961]
1962,"[2002, 2003]"
2002,"[1962, 1963]"
1963,"[2001, 2002]"
2001,"[1963, 1964]"
1964,"[2000, 2001]"
2000,"[1964, 1965]"
1965,"[1999, 2000, 2680, 4053]"
1999,"[1965, 1966, 2680, 4053]"
2680,"[1965, 1966, 1999, 4053]"
4053,"[1965, 1966, 1999, 2680, 2777]"
1966,"[1999, 2680, 4053]"
1967,[1998]
1998,"[1967, 1968]"
1968,[1998]
1969,"[1970, 1996, 1997]"
1970,"[1969, 1995, 1996, 1997]"
1996,"[1969, 1970, 1997]"
1997,"[1969, 1970, 1996]"
1995,"[1970, 1971]"
1971,"[1994, 1995]"
1994,"[1971, 1972, 3590, 4056]"
1972,"[1994, 3590, 4056]"
3590,"[1972, 1994, 4056]"
4056,"[1972, 1994, 3590, 4071]"
1973,"[2884, 2885, 2941, 3017, 3018]"
2884,"[1973, 2885, 2941, 3017]"
2885,"[1973, 2884, 2941, 3017, 3018]"
2941,"[1973, 2884, 2885, 3017, 3018]"
3017,"[1973, 2884, 2885, 2941]"
3018,"[1973, 2885, 2941]"
1974,[3463]
3463,[1974]
1975,[3695]
3695,[1975]
1976,[3694]
3694,[1976]
1977,[3693]
3693,"[1977, 1978]"
1978,"[3446, 3451, 3692, 3693]"
3446,"[1978, 3451, 3692]"
3451,"[1978, 3446, 3692]"
3692,"[1978, 3446, 3451]"
1979,[3691]
3691,[1979]
1980,[3690]
3690,"[1980, 1981]"
1981,[3690]
1982,"[2367, 2368, 2755, 2830, 3293, 3355]"
2367,"[1982, 2368, 2755, 2829, 3293, 3355]"
2368,"[1982, 2367, 3293, 3355]"
2755,"[1982, 2367]"
2830,"[1982, 2829, 3355]"
3293,"[1982, 2367, 2368, 3354, 3355]"
3355,"[1982, 2367, 2368, 2830, 3293]"
1983,[3687]
3687,[1983]
1984,"[1985, 4071]"
1985,"[1984, 4070]"
4071,"[1984, 4056]"
4070,"[1985, 1986]"
1986,[4070]
1987,[2352]
2352,[1987]
1988,[4069]
4069,[1988]
1990,[2036]
2036,[1990]
1991,[2034]
2034,[1991]
1992,[3165]
3165,[1992]
1993,[2033]
2033,[1993]
2008,[2032]
2032,[2008]
2010,"[2663, 2664, 2836, 3606]"
2663,"[2010, 2836, 3606]"
2836,"[2010, 2663]"
3606,"[2010, 2663, 2664]"
2018,[2042]
2042,[2018]
2019,[2037]
2037,[2019]
2027,"[2115, 2296]"
2115,"[2027, 2296]"
2296,"[2027, 2115, 2725]"
2028,[2031]
2031,[2028]
2029,[2030]
2030,[2029]
2045,[3996]
3996,[2045]
2046,[3995]
3995,[2046]
2047,[3994]
3994,"[2047, 2048]"
2048,"[3993, 3994]"
3993,[2048]
2049,[3992]
3992,[2049]
2050,[3991]
3991,[2050]
2051,[3990]
3990,[2051]
2732,"[2054, 2738]"
2738,"[2054, 2731, 2732]"
2057,"[2066, 3004, 3189, 3190]"
2066,"[2057, 3004, 3185, 3189]"
3004,"[2057, 2066, 3185, 3189]"
3189,"[2057, 2066, 3004, 3185]"
3190,"[2057, 3185]"
2058,[2064]
2064,[2058]
2060,[2062]
2062,[2060]
2065,"[2953, 3002, 3503, 3895]"
2953,"[2065, 3002, 3503, 3895]"
3002,"[2065, 2953, 3503, 3895]"
3503,"[2065, 2953, 3002, 3895]"
3895,"[2065, 2953, 3002, 3503, 3896]"
3185,"[2066, 3004, 3189, 3190]"
2076,"[3893, 3894]"
3893,"[2076, 3894]"
3894,"[2076, 3893]"
3847,"[2090, 3848]"
2091,[3833]
3833,[2091]
2092,[3831]
3831,[2092]
2093,[3830]
3830,[2093]
2094,[3829]
3829,[2094]
2098,[4150]
4150,[2098]
2106,[2107]
2107,[2106]
2108,"[4137, 4138]"
4137,"[2108, 2109]"
2109,[4137]
2110,"[4135, 4136]"
4135,"[2110, 2111]"
4136,[2110]
2111,"[4134, 4135]"
4134,"[2111, 4149]"
2114,"[2171, 4131]"
2171,"[2114, 4131]"
4131,"[2114, 2171]"
2127,[2157]
2157,[2127]
2128,[2156]
2156,[2128]
2129,"[2155, 2644]"
2155,"[2129, 2321]"
2644,"[2129, 2321, 2322]"
2134,[2249]
2249,"[2134, 2267]"
2136,[2290]
2290,[2136]
2139,"[2206, 2207]"
2206,[2139]
2207,[2139]
2140,[3082]
3082,[2140]
2141,[3081]
3081,"[2141, 2142]"
2142,"[3080, 3081]"
3080,[2142]
2143,"[3078, 3079]"
3078,"[2143, 2144, 2145]"
3079,[2143]
2144,"[3077, 3078]"
3077,"[2144, 2145]"
2145,"[3077, 3078]"
2146,[2378]
2378,"[2146, 2390]"
2321,"[2155, 2643, 2644]"
4193,"[2159, 4218]"
4218,"[2159, 4193]"
2165,"[2166, 2483, 2979]"
2166,"[2165, 2483, 2979]"
2483,"[2165, 2166, 2979]"
2979,"[2165, 2166, 2483]"
2176,"[2175, 2486]"
2486,"[2175, 2176, 2218, 2976, 4129]"
2976,"[2175, 2218, 2486, 4129, 4200]"
4118,"[2175, 4200]"
4129,"[2175, 2218, 2486, 2976]"
2181,"[4124, 4125]"
4124,"[2181, 2182]"
4125,[2181]
2182,[4124]
2183,[4123]
4123,[2183]
2184,"[2270, 4122]"
2270,"[2184, 4133]"
4122,"[2184, 4133]"
2187,"[2245, 2268, 2632]"
2245,"[2187, 2268, 2632]"
2268,"[2187, 2245, 2632]"
2632,"[2187, 2245, 2268]"
2188,"[2608, 2620]"
2608,"[2188, 2189]"
2620,[2188]
2189,[2608]
2208,"[3262, 3263]"
3262,"[2208, 2209]"
3263,"[2208, 2209]"
2209,"[3262, 3263]"
2210,[3261]
3261,[2210]
2211,[2246]
2246,[2211]
2218,"[2486, 2976, 4129]"
2219,[4128]
4128,[2219]
2222,[4169]
4169,[2222]
2223,"[4112, 4168]"
4112,"[2223, 2224]"
4168,"[2223, 2224]"
2224,"[4112, 4168]"
2229,[4111]
4111,[2229]
2230,"[2288, 2289]"
2288,"[2230, 2231]"
2289,[2230]
2231,[2288]
2267,[2249]
2254,[2375]
2375,"[2254, 2392]"
2255,[2374]
2374,[2255]
2256,[2326]
2326,[2256]
2257,[2325]
2325,[2257]
4133,"[2270, 4122]"
2280,"[4197, 4198]"
4197,"[2280, 4206]"
4198,"[2280, 4206]"
2287,[4159]
4159,[2287]
2293,[4127]
4127,"[2293, 2294]"
2294,"[4119, 4126, 4127]"
4119,"[2294, 4126]"
4126,"[2294, 4119]"
2725,[2296]
2305,[2330]
2330,"[2305, 2944]"
2306,[2329]
2329,[2306]
2307,"[2328, 3005]"
2328,[2307]
3005,"[2307, 2952]"
3801,"[2308, 3802]"
2309,"[2311, 2334, 2338, 2401, 2402]"
2311,"[2309, 2338, 2401, 2402]"
2334,"[2309, 2338]"
2338,"[2309, 2311, 2334, 2402]"
2401,"[2309, 2311, 2402]"
2402,"[2309, 2311, 2338, 2401]"
2310,[3937]
3937,[2310]
2312,[3935]
3935,[2312]
2313,[2327]
2327,[2313]
2317,[5002]
5002,[2317]
2841,"[2320, 2654]"
2643,"[2321, 2322]"
2322,"[2643, 2644]"
2323,[2642]
2642,[2323]
2324,[2641]
2641,[2324]
2944,"[2330, 2331]"
2331,"[2943, 2944]"
2943,"[2331, 2332]"
2332,"[2942, 2943]"
2942,"[2332, 3016]"
2335,[2348]
2348,[2335]
2342,[3805]
3805,[2342]
2343,[3792]
3792,[2343]
2350,[3559]
3559,[2350]
2353,[2355]
2355,[2353]
2356,"[3319, 3327]"
3319,"[2356, 3327]"
3327,"[2356, 3319]"
2357,"[3325, 3326]"
3325,"[2357, 2364]"
3326,"[2357, 2364]"
2654,"[2358, 2841]"
2359,"[2408, 3575]"
2360,"[2482, 4221]"
2482,"[2360, 4221]"
4221,"[2360, 2482]"
2361,[2405]
2405,[2361]
2362,"[2403, 2404]"
2403,"[2362, 2363]"
2404,[2362]
2363,[2403]
2364,"[3325, 3326]"
2366,[2400]
2400,[2366]
2829,"[2367, 2830]"
2369,[2370]
2370,[2369]
2371,[2396]
2396,[2371]
2372,[2395]
2395,[2372]
2392,"[2375, 2376]"
2376,[2392]
2377,[2391]
2391,[2377]
2390,[2378]
2379,[2384]
2384,"[2379, 2380]"
2380,[2384]
2399,"[2385, 2386]"
2406,[3058]
3058,[2406]
2407,"[2653, 2843, 2844, 3578]"
2653,"[2407, 2843, 2844, 3578]"
2843,"[2407, 2653, 3578]"
2844,"[2407, 2651, 2653, 3578]"
3578,"[2407, 2653, 2843, 2844]"
2714,"[2410, 2706, 2753, 2754]"
2413,"[2450, 2462, 2499, 3744]"
2450,"[2413, 2462, 2499, 5049]"
2462,"[2413, 2450, 2499, 3744, 5049]"
2499,"[2413, 2450, 2462, 3744, 5049]"
3744,"[2413, 2462, 2499, 5049]"
2414,"[2449, 2657, 2839]"
2449,"[2414, 2657, 2839]"
2657,"[2414, 2449, 2839]"
2839,"[2414, 2449, 2657]"
2415,[2448]
2448,[2415]
2416,"[2446, 2447, 3438]"
2446,"[2416, 2417, 2447, 3438]"
2447,"[2416, 2417, 2446, 3438]"
3438,"[2416, 2417, 2446, 2447]"
2417,"[2446, 2447, 3438]"
2418,"[2444, 2445]"
2444,"[2418, 2419]"
2445,"[2418, 2419]"
2419,"[2444, 2445]"
2420,"[2442, 2443]"
2442,"[2420, 2421, 2422]"
2443,"[2420, 2421]"
2421,"[2442, 2443]"
2422,"[2441, 2442]"
2441,"[2422, 3657]"
2425,[2439]
2439,"[2425, 2426]"
2426,"[2438, 2439]"
2438,[2426]
3657,[2441]
5049,"[2450, 2462, 2499, 3744]"
2455,"[2460, 3776]"
2460,"[2455, 2456]"
3776,[2455]
2456,[2460]
2463,[2498]
2498,[2463]
2464,"[2495, 2496]"
2495,"[2464, 2465]"
2496,"[2464, 2465]"
2465,"[2495, 2496]"
2466,[2494]
2494,[2466]
2468,"[2493, 2660]"
2493,[2468]
2469,[2492]
2492,[2469]
2471,[2491]
2491,[2471]
2472,[2659]
2659,[2472]
2484,"[2978, 4220]"
2978,"[2484, 4220]"
4220,"[2484, 2978]"
2489,"[4115, 4116]"
4115,"[2489, 2490]"
4116,"[2489, 4202]"
2490,[4115]
2497,"[2594, 2595]"
2594,"[2497, 2506, 2593]"
2595,"[2497, 2506]"
2506,"[2594, 2595]"
2525,"[2511, 2524, 4072]"
2513,[2523]
2523,"[2513, 2514]"
2514,"[2522, 2523]"
2522,[2514]
2519,"[2531, 3872, 3899, 4074]"
2531,"[2519, 3872, 3899, 4074]"
3872,"[2519, 2531, 3865, 3899, 4074]"
3899,"[2519, 2531, 3872, 4074]"
4074,"[2519, 2520, 2531, 3872, 3899]"
3715,"[2572, 2618, 3576]"
2573,[2605]
2605,"[2573, 3661]"
2575,[2603]
2576,"[2577, 2590, 2601, 2602]"
2577,"[2576, 2589, 2590, 2602]"
2590,"[2576, 2577, 2601, 2602]"
2601,"[2576, 2590, 2591]"
2602,"[2576, 2577, 2590]"
2589,"[2577, 2578]"
2578,[2589]
2580,"[2586, 2587]"
2586,"[2580, 2581]"
2587,"[2580, 2581]"
2581,"[2586, 2587]"
2582,[2585]
2585,[2582]
2583,[2584]
2584,[2583]
2591,"[2600, 2601]"
2600,[2591]
2592,[2599]
2599,[2592]
2593,"[2594, 2597]"
2597,[2593]
3661,"[2605, 2606]"
2606,[3661]
2615,[2618]
2618,"[2615, 3715]"
2616,[2617]
2617,[2616]
2862,"[2621, 2622]"
2622,[2862]
2625,[2859]
2859,[2625]
2626,"[2857, 2858]"
2857,"[2626, 2627, 2628]"
2858,"[2626, 2627]"
2627,"[2857, 2858]"
2628,"[2855, 2856, 2857]"
2855,"[2628, 2629]"
2856,"[2628, 2629]"
2629,"[2855, 2856]"
2630,[2854]
2854,[2630]
2633,[2851]
2851,[2633]
2636,[2847]
2847,[2636]
2647,"[2648, 3967]"
2649,[2845]
2845,"[2649, 2651]"
2651,"[2844, 2845]"
2652,[2655]
2655,[2652]
2658,[2838]
2838,[2658]
2666,"[2665, 2834, 2835, 4057, 4058]"
2834,"[2666, 2667, 2668]"
2667,"[2833, 2834]"
2833,[2667]
2668,[2834]
2669,[2672]
2672,[2669]
2670,[2787]
2787,[2670]
2673,"[2783, 3945]"
2783,[2673]
3945,"[2673, 2674]"
2674,[3945]
2675,[3943]
3943,[2675]
2677,[2780]
2780,[2677]
2678,"[2779, 3589, 3631]"
2779,"[2678, 3589, 3631]"
3589,"[2678, 2779, 3631]"
3631,"[2678, 2779, 3589]"
2679,"[2777, 2778]"
2777,"[2679, 2778, 4053]"
2778,"[2679, 2777]"
2681,[2775]
2775,[2681]
2682,[2774]
2774,"[2682, 2683]"
2683,"[2772, 2773, 2774]"
2772,"[2683, 2685]"
2773,[2683]
2684,[2691]
2691,[2684]
2685,[2772]
2767,"[2689, 3897]"
2692,"[2765, 2766, 3246, 3277]"
2765,"[2692, 2693]"
2766,"[2692, 3245, 3246, 3277, 3897]"
3246,"[2692, 2766, 3277, 3897]"
3277,"[2692, 2766, 3245, 3246, 3897]"
2693,[2765]
2694,[2764]
2764,[2694]
2695,"[2762, 2763]"
2762,"[2695, 2696, 2697, 3114, 3564]"
2763,[2695]
2696,"[2761, 2762, 3114, 3564]"
2761,"[2696, 2697, 2698, 3114, 3564]"
3114,"[2696, 2697, 2761, 2762, 3564]"
3564,"[2696, 2697, 2761, 2762, 3114]"
2697,"[2760, 2761, 2762, 3114, 3564]"
2760,"[2697, 2698, 2699, 3356]"
2698,"[2759, 2760, 2761]"
2759,"[2698, 2699, 3356, 3391]"
2699,"[2759, 2760, 3356, 3391]"
3356,"[2699, 2759, 2760, 3391]"
3391,"[2699, 2759, 3356]"
2701,[2758]
2758,[2701]
2702,[2757]
2757,[2702]
2989,[2704]
2705,"[2706, 2754, 3069]"
2706,"[2705, 2714, 2753, 2754, 3069]"
2754,"[2705, 2706, 2714, 2753, 3069]"
3069,"[2705, 2706, 2754]"
2753,"[2706, 2714, 2715, 2754]"
2715,"[2752, 2753]"
2752,[2715]
2716,"[2750, 2751, 2928]"
2750,"[2716, 2915, 2928, 3618]"
2751,[2716]
2928,"[2716, 2750, 2915, 2916, 3618]"
2718,[2749]
2749,[2718]
2719,[2748]
2722,[2746]
2746,[2722]
2724,[2745]
2745,[2724]
2731,"[2738, 2740]"
2740,[2731]
2734,[2736]
2736,[2734]
2915,"[2750, 2928, 3618]"
3618,"[2750, 2915, 2928]"
3245,"[2766, 3277, 3278, 3897]"
3897,"[2766, 2767, 3245, 3246, 3277]"
2788,[2832]
2832,[2788]
2791,[3510]
3510,[2791]
2792,[3509]
3509,[2792]
2793,[2827]
2827,[2793]
2794,[2826]
2826,"[2794, 2795, 4049, 4052]"
2795,"[2826, 4049, 4052]"
4049,"[2795, 2826, 4052]"
4052,"[2795, 2826, 4049]"
2800,"[2821, 3675]"
2821,"[2800, 2801]"
3675,"[2800, 2801]"
2801,"[2821, 3675]"
2803,"[3677, 3678]"
3677,"[2803, 3678]"
3678,"[2803, 3676, 3677]"
2804,"[2817, 3900]"
2817,"[2804, 2805, 3900]"
3900,"[2804, 2805, 2817]"
2805,"[2817, 3900]"
2806,[2815]
2815,[2806]
2807,[2814]
2814,[2807]
2808,"[2812, 2813]"
2812,"[2808, 3882]"
2813,[2808]
3882,"[2811, 2812]"
2819,[3764]
3764,"[2819, 3749]"
2820,[3105]
3105,[2820]
2825,"[3095, 3096]"
3095,"[2825, 3091]"
3096,[2825]
2828,"[3086, 3097, 3194]"
3086,"[2828, 3097, 3194]"
3097,"[2828, 3086, 3194]"
3194,"[2828, 3086, 3097]"
2863,[2905]
2905,[2863]
2864,"[2903, 2904]"
2903,"[2864, 2865]"
2904,"[2864, 2865]"
2865,"[2903, 2904]"
2866,"[2902, 4091, 4092]"
2902,"[2866, 4091, 4092]"
4091,"[2866, 2902, 4092]"
4092,"[2866, 2902, 4091]"
2867,[2901]
2901,[2867]
2898,"[2869, 2870]"
2881,[2888]
2888,[2881]
2907,"[2937, 3052, 3053]"
2937,"[2907, 3052, 3053]"
3053,"[2907, 2937, 3052]"
2908,[2935]
2935,[2908]
2910,"[2934, 3054, 3067]"
2934,"[2910, 3054, 3067]"
3054,"[2910, 2934, 3067]"
3067,"[2910, 2934, 3054]"
2912,[2931]
2931,[2912]
2913,[2930]
2930,[2913]
2914,[2929]
2929,[2914]
2916,"[2927, 2928]"
2927,[2916]
2926,[2922]
2939,"[3020, 3021, 3051]"
3020,"[2939, 3021, 3051]"
3021,"[2939, 3020, 3051]"
3051,"[2939, 3020, 3021]"
2940,[3019]
3019,[2940]
3016,[2942]
2952,[3005]
2954,[3001]
3001,[2954]
2955,[3000]
3000,"[2955, 2956]"
2956,"[2999, 3000]"
2999,"[2956, 2957]"
2957,"[2997, 2998, 2999]"
2997,"[2957, 2958]"
2998,[2957]
2958,[2997]
2959,"[2995, 2996]"
2995,[2959]
2996,[2959]
2960,"[2993, 2994]"
2993,"[2960, 2961]"
2994,"[2960, 2961]"
2961,"[2993, 2994]"
2962,[2992]
2992,[2962]
2963,[2991]
2991,[2963]
2965,[2988]
2988,[2965]
2966,[2987]
2987,[2966]
2969,"[2985, 4095, 4096]"
2985,"[2969, 4095, 4096]"
4095,"[2969, 2985, 4096]"
4096,"[2969, 2985, 4095]"
2971,[2983]
2983,[2971]
4200,"[2976, 4118]"
2981,"[2986, 3306, 3482]"
2986,"[2981, 3306, 3482]"
3306,"[2981, 2986, 3343, 3482]"
3482,"[2981, 2986, 3306]"
3043,"[3028, 3029]"
3055,[3065]
3065,"[3055, 3056]"
3056,"[3064, 3065]"
3064,"[3056, 3057]"
3057,"[3063, 3064]"
3063,[3057]
3075,[3103]
3103,[3075]
3076,[3102]
3102,[3076]
3083,"[3099, 3100]"
3099,[3083]
3100,[3083]
3085,[3098]
3098,[3085]
3091,[3095]
3093,[3094]
3094,[3093]
3110,"[3225, 3227]"
3225,"[3110, 3111]"
3227,[3110]
3111,"[3224, 3225]"
3224,"[3111, 3112]"
3112,[3224]
3113,"[3221, 3222]"
3221,"[3113, 3566]"
3222,"[3113, 3566]"
3115,[3220]
3220,[3115]
3116,[3219]
3219,[3116]
3117,"[3218, 3910, 3916]"
3218,"[3117, 3910, 3916]"
3910,"[3117, 3218, 3916]"
3916,"[3117, 3218, 3910]"
3118,"[3216, 3217, 3911, 3917]"
3216,"[3118, 3911, 3917]"
3217,"[3118, 3917]"
3911,"[3118, 3216, 3917]"
3917,"[3118, 3216, 3217, 3911]"
3119,[3215]
3215,[3119]
3126,"[3212, 3214]"
3212,"[3126, 3128]"
3214,[3126]
3128,"[3142, 3212]"
3142,"[3128, 3129, 3143, 3170]"
3129,"[3142, 3143, 3170]"
3143,"[3129, 3142, 3170]"
3170,"[3129, 3142, 3143]"
3130,[3210]
3210,[3130]
3132,[3208]
3208,[3132]
3144,[3169]
3169,[3144]
3145,"[3459, 3460]"
3459,"[3145, 3421]"
3460,"[3145, 3431]"
3146,"[3167, 3260]"
3167,"[3146, 3259, 3260]"
3260,"[3146, 3167]"
3149,[3160]
3160,[3149]
3150,[3159]
3159,[3150]
3151,[3158]
3158,[3151]
3153,[3156]
3156,[3153]
3162,"[3464, 3465, 3907]"
3464,"[3162, 3465, 3907]"
3465,"[3162, 3464, 3907]"
3907,"[3162, 3464, 3465]"
3259,[3167]
3175,[3199]
3199,[3175]
3178,"[3197, 3389, 3909]"
3197,"[3178, 3389]"
3389,"[3178, 3197, 3198, 3909, 3915]"
3909,"[3178, 3198, 3389, 3915]"
3179,"[3196, 3298, 3299, 3348, 3349]"
3196,"[3179, 3298, 3299, 3348, 3349]"
3298,"[3179, 3196, 3349]"
3299,"[3179, 3196, 3347, 3348]"
3348,"[3179, 3196, 3299]"
3349,"[3179, 3196, 3298]"
3180,[3195]
3195,[3180]
3181,[3193]
3193,[3181]
3198,"[3389, 3909, 3915]"
3915,"[3198, 3389, 3909]"
3566,"[3221, 3222, 3565]"
3285,[3237]
3238,"[3283, 3284]"
3284,[3238]
3243,[3279]
3279,[3243]
3244,[3278]
3278,"[3244, 3245]"
3248,[3275]
3275,[3248]
3249,"[3274, 3913, 3919]"
3274,"[3249, 3913, 3919]"
3913,"[3249, 3274, 3919]"
3919,"[3249, 3274, 3913]"
3250,"[3272, 3273]"
3272,"[3250, 3251]"
3273,"[3250, 3251]"
3251,"[3272, 3273]"
3252,[3271]
3271,"[3252, 3253]"
3253,"[3269, 3270, 3271]"
3269,"[3253, 3254]"
3270,"[3253, 3254]"
3254,"[3269, 3270]"
3256,[3268]
3268,[3256]
3258,[3266]
3266,[3258]
3265,[3879]
3879,[3265]
3354,"[3293, 3294, 3295]"
3294,"[3353, 3354]"
3353,"[3294, 3295]"
3295,"[3353, 3354]"
3296,[3351]
3351,[3296]
3297,[3350]
3350,[3297]
3347,"[3299, 3300]"
3300,"[3346, 3347]"
3346,[3300]
3303,[3345]
3345,"[3303, 3304]"
3304,"[3344, 3345]"
3344,[3304]
3343,"[3306, 3307, 3308]"
3307,"[3343, 3637]"
3637,"[3307, 3308, 3309]"
3308,"[3342, 3343, 3637]"
3342,"[3308, 3309, 3310]"
3309,"[3341, 3342, 3637]"
3341,"[3309, 3310]"
3310,"[3341, 3342]"
3311,"[3338, 3340]"
3338,"[3311, 3461]"
3340,"[3311, 3461]"
3317,[3335]
3335,[3317]
3329,[3384]
3384,[3329]
3330,"[3368, 3468]"
3368,"[3330, 3331]"
3468,[3330]
3331,[3368]
3332,[3469]
3469,[3332]
3333,[3334]
3334,[3333]
3337,[3472]
3472,[3337]
3461,"[3338, 3340]"
3357,[3390]
3390,[3357]
3392,[4086]
4086,[3392]
3394,[4189]
4189,[3394]
3396,[4186]
4186,[3396]
3402,[3439]
3439,[3402]
3403,[3440]
3440,[3403]
3404,[3441]
3441,[3404]
3405,[3442]
3442,[3405]
3406,[3447]
3447,[3406]
3411,[3932]
3932,[3411]
3417,[3449]
3449,[3417]
3419,[3457]
3457,[3419]
3420,[3458]
3458,[3420]
3421,[3459]
3443,[3780]
3780,[3443]
3452,[3456]
3456,[3452]
3466,[3467]
3467,[3466]
3470,[3471]
3471,[3470]
3473,[3476]
3476,[3473]
3478,"[3477, 3480]"
3480,"[3478, 3479]"
3479,[3480]
3485,[3487]
3487,[3485]
3489,"[3488, 3490, 3491, 3493, 3495, 3497, 3499, 6016, 6024, 6108]"
3490,"[3488, 3489, 3491, 3493, 3495, 3497, 3499, 6016, 6024, 6108]"
3491,"[3488, 3489, 3490, 3493, 3495, 3497, 3499, 6016, 6024, 6108]"
3502,[3670]
3670,[3502]
3504,"[3667, 3668]"
3667,"[3504, 3505]"
3668,"[3504, 3505]"
3505,"[3667, 3668]"
3506,[3666]
3666,[3506]
3600,"[3508, 6019, 6023, 6105]"
3516,[3562]
3562,[3516]
3522,"[4121, 4153]"
4121,"[3522, 3526]"
3524,[3525]
3525,[3524]
3526,"[4121, 4153, 4154]"
3543,[3970]
3546,[3978]
3978,[3546]
3547,[3981]
3981,[3547]
3552,"[3553, 3554]"
3553,[3552]
3554,[3552]
3555,[3556]
3556,[3555]
3565,[3566]
3568,[3570]
3570,[3568]
3593,"[3756, 3757, 3761, 4051]"
3756,"[3593, 3757, 3761, 4050, 4051]"
3757,"[3593, 3756, 3761]"
3761,"[3593, 3756, 3757, 4050, 4051]"
4051,"[3593, 3756, 3761, 4050]"
3594,"[3598, 3599]"
3598,"[3594, 3782]"
3599,"[3594, 3782]"
3782,"[3598, 3599]"
3607,[3608]
3622,[3770]
3770,[3622]
3626,[3627]
3629,[3630]
3630,"[3629, 3870]"
3870,"[3630, 3865]"
3632,[3704]
3704,[3632]
3633,"[3702, 3703]"
3702,"[3633, 3634, 3635]"
3703,"[3633, 3634]"
3634,"[3701, 3702, 3703]"
3701,"[3634, 3635]"
3635,"[3701, 3702]"
3636,[3700]
3700,[3636]
3649,[3849]
3849,[3649]
3662,[3663]
3663,[3662]
3664,"[3880, 4063, 4064]"
3880,"[3664, 4063, 4064]"
4063,"[3664, 3880, 4064]"
4064,"[3664, 3880, 4063]"
3665,[3671]
3671,[3665]
3669,[3896]
3896,"[3669, 3895]"
3672,"[4032, 4033, 4054, 4055]"
4032,"[3672, 4031, 4033, 4054, 4055]"
4033,"[3672, 4030, 4032, 4054, 4055]"
4054,"[3672, 4032, 4033, 4055]"
4055,"[3672, 4030, 4031, 4032, 4033, 4054]"
3673,[3680]
3680,[3673]
3674,"[3679, 4034]"
3679,"[3674, 4034]"
4034,"[3674, 3679]"
3676,[3678]
3685,[3689]
3689,[3685]
3705,[3739]
3739,[3705]
3706,[3738]
3738,[3706]
3707,[3737]
3737,[3707]
3708,[3736]
3736,[3708]
3709,[3735]
3735,[3709]
3710,[3734]
3734,"[3710, 3711]"
3711,"[3733, 3734]"
3733,[3711]
3725,[3726]
3726,[3725]
3727,[3728]
3728,[3727]
3729,[3828]
3828,"[3729, 3809]"
3742,[3941]
3941,[3742]
3747,[3771]
3771,[3747]
3748,[3769]
3769,[3748]
3749,"[3764, 3768, 3784, 3789]"
3768,"[3749, 3784, 3789]"
3784,"[3749, 3768, 3789]"
3789,"[3749, 3768, 3784]"
3750,[3766]
3766,[3750]
3752,[3765]
3765,[3752]
3755,[3762]
3762,[3755]
4050,"[3756, 3761, 4051]"
3758,[3760]
3760,[3758]
4008,"[3759, 4009]"
3763,[3842]
3842,[3763]
3772,[3773]
3773,[3772]
3781,"[4016, 4028, 4029, 4038]"
4016,"[3781, 4028, 4029, 4038]"
4028,"[3781, 4016, 4029, 4038]"
4029,"[3781, 4016, 4028]"
4038,"[3781, 4016, 4028]"
3783,[3790]
3790,[3783]
3802,"[3801, 3803]"
3803,"[3802, 3804]"
3804,[3803]
3807,[3834]
3834,[3807]
3808,[3832]
3832,[3808]
3809,[3828]
3810,[3827]
3827,[3810]
3811,[3826]
3826,[3811]
3812,[3825]
3825,[3812]
3813,[3824]
3824,[3813]
3816,[3817]
3817,"[3816, 3818]"
3818,[3817]
3823,[3873]
3873,[3823]
3836,[3841]
3841,"[3836, 4040]"
3837,[3840]
3840,[3837]
3838,[3839]
3839,[3838]
4040,"[3841, 4039]"
3844,[3843]
3848,[3847]
3850,[3851]
3851,[3850]
3861,[3864]
3864,[3861]
3865,"[3870, 3872]"
3866,"[3869, 6003, 6121]"
3869,"[3866, 6003, 6121]"
6003,"[3866, 3869, 6121]"
6121,"[3866, 3869, 6003]"
3867,[3868]
3868,[3867]
3877,[3878]
3878,[3877]
3881,"[3908, 4000, 4001, 4002, 4003]"
3908,"[3881, 4000, 4001, 4002, 4003]"
4000,"[3881, 3908, 4001, 4002, 4003]"
4001,"[3881, 3908, 4000, 4002, 4003]"
4002,"[3881, 3908, 4000, 4001, 4003]"
4003,"[3881, 3908, 4000, 4001, 4002]"
3884,[3885]
3885,[3884]
3903,[3904]
3904,[3903]
3905,[3906]
3906,[3905]
3912,[3918]
3918,[3912]
3914,[3920]
3920,[3914]
3934,[3942]
3942,[3934]
3936,[3940]
3940,[3936]
3949,"[4027, 4078]"
3953,"[3964, 3999]"
3964,"[3953, 3957]"
3999,"[3953, 3957]"
3955,[3962]
3962,[3955]
3956,[3963]
3963,[3956]
3957,"[3964, 3999]"
3958,[3965]
3965,[3958]
3959,[3966]
3966,[3959]
3973,[3989]
3989,[3973]
3974,[3988]
3988,[3974]
3975,[3987]
3987,[3975]
4017,[4018]
4018,[4017]
4019,[4020]
4020,[4019]
4021,[4022]
4022,[4021]
4030,"[4031, 4033, 4055]"
4031,"[4030, 4032, 4055]"
4036,[4037]
4037,[4036]
4039,[4040]
4041,[4191]
4191,[4041]
4046,[4047]
4047,[4046]
4059,[4060]
4060,"[4059, 4061]"
4061,"[4060, 4062]"
4062,[4061]
4065,[4066]
4066,"[4065, 4067]"
4067,"[4066, 4068]"
4068,[4067]
4084,[4085]
4085,[4084]
4087,[4088]
4088,[4087]
4089,[4090]
4090,[4089]
4100,[4101]
4101,[4100]
4102,[4103]
4103,[4102]
4114,[4203]
4203,[4114]
4202,[4116]
4117,[4201]
4201,[4117]
4130,[4132]
4132,[4130]
4149,[4134]
4140,[4148]
4148,[4140]
4160,[4199]
4199,[4160]
4182,[4208]
4208,[4182]
4195,[4217]
4217,[4195]
4196,[4207]
4207,[4196]
4206,"[4197, 4198]"
4213,"[4215, 4216]"
4215,"[4213, 4214]"
4216,[4213]
4214,[4215]
6005,[6119]
6119,[6005]
6021,[6103]
6103,[6021]
7000,[7001]
7001,[7000]
7002,[7003]
7003,[7002]
7004,[7005]
7005,[7004]
7006,[7007]
7007,[7006]
7009,[7010]
7010,[7009]
7011,[7035]
7035,[7011]
7016,[7017]
7017,[7016]
7018,"[7019, 7021]"
7019,"[7018, 7020]"
7021,"[7018, 7020]"
7020,"[7019, 7021]"
7022,[7023]
7023,[7022]
7024,[7025]
7025,[7024]
7037,[7040]
7040,[7037]
7038,[7039]
7039,[7038]
