shape_id,block_ids,trip_ids
100006,"[352297, 354097, 352291]","[3433768, 3433774, 3433776, 3433778, 3433782, 3433793, 3433795, 3433797, 3433799, 3433801, 3433803, 3433842, 3433843, 3433844, 3433845, 3433846, 3433847, 3433848, 3433849, 3433850, 3433851, 3433852, 3433886]"
100005,"[352300, 352295, 352280, 352291]","[3433769, 3433770, 3433771, 3433772, 3433773, 3433775, 3433777, 3433779, 3433780, 3433781, 3433783, 3433784, 3433785, 3433786, 3433787, 3433788, 3433789, 3433790, 3433791, 3433792, 3433794, 3433796, 3433798, 3433800, 3433802, 3433863, 3433874, 3433875, 3433876, 3433877, 3433878, 3433879, 3433880, 3433881, 3433882, 3433883, 3433884]"
100007,"[352280, 352300, 352295, 352291]","[3433804, 3433805, 3433806, 3433807, 3433808, 3433809, 3433810, 3433811, 3433812, 3433813, 3433814, 3433815, 3433816, 3433817, 3433818, 3433819, 3433820, 3433821, 3433822, 3433823, 3433824, 3433825, 3433826, 3433827, 3433828, 3433829, 3433830, 3433864, 3433865, 3433866, 3433867, 3433868, 3433869, 3433870, 3433871, 3433872, 3433873]"
100008,"[352291, 354097, 352297]","[3433831, 3433832, 3433833, 3433834, 3433835, 3433836, 3433837, 3433838, 3433839, 3433840, 3433841, 3433853, 3433854, 3433855, 3433856, 3433857, 3433858, 3433859, 3433860, 3433861, 3433862, 3433885]"
100009,[353813],[3433887]
1100005,"[352280, 352300, 352295, 354097, 352291, 352297, 352305]","[3433666, 3433667, 3433668, 3433669, 3433680, 3433681, 3433682, 3433683, 3433684, 3433685, 3433689, 3433690, 3433693, 3433694, 3433695, 3433697, 3433699, 3433705, 3433706, 3433707, 3433708, 3433709, 3433712, 3433716, 3433717, 3433718, 3433719, 3433720, 3433721, 3433732, 3433733, 3433734, 3433735, 3433736, 3433737, 3433738, 3433739, 3433740, 3433741, 3433742, 3433743, 3433744, 3433758, 3433759, 3433760, 3433761, 3433762, 3433763, 3433764, 3433765, 3433767, 3446963, 3446964, 3446965, 3446966, 3446967, 3446968, 3446969, 3446970, 3446971, 3446972]"
1100004,"[352291, 354097, 352297, 352300, 352280, 352295, 352305]","[3433670, 3433671, 3433672, 3433673, 3433674, 3433675, 3433676, 3433677, 3433678, 3433679, 3433686, 3433687, 3433688, 3433691, 3433692, 3433696, 3433698, 3433700, 3433701, 3433702, 3433703, 3433704, 3433710, 3433711, 3433713, 3433714, 3433715, 3433722, 3433723, 3433724, 3433725, 3433726, 3433727, 3433728, 3433729, 3433730, 3433731, 3433745, 3433746, 3433747, 3433748, 3433749, 3433750, 3433751, 3433752, 3433753, 3433754, 3433755, 3433756, 3433757, 3433766, 3446973, 3446974, 3446975, 3446976, 3446977, 3446978, 3446979, 3446980, 3446981, 3446982]"
120007,"[352429, 352419, 352421, 352423, 352348, 352321, 352426, 354100, 352420, 352425, 352418, 352422, 352431, 352424, 352430]","[3433541, 3433542, 3433543, 3433544, 3433545, 3433546, 3433547, 3433548, 3433549, 3433550, 3433551, 3433552, 3433553, 3433554, 3433555, 3433556, 3433557, 3433558, 3433559, 3433560, 3433561, 3433562, 3433563, 3433564, 3433565, 3433566, 3433567, 3433568, 3433569, 3433570, 3433571, 3433572, 3433573, 3433574, 3433575, 3433576, 3433577, 3433578, 3433579, 3433580, 3433581, 3433582, 3433583, 3433584, 3433585, 3433586, 3433635, 3433643, 3433644, 3433648, 3433649, 3433650, 3433651, 3433652, 3433653, 3433654, 3433655, 3433656, 3433657]"
120008,"[352419, 352421, 352348, 352418, 352426, 352422, 352425, 352429, 352424, 352423, 354100, 352321, 352420, 352430, 352431]","[3433587, 3433588, 3433589, 3433590, 3433591, 3433592, 3433593, 3433594, 3433595, 3433596, 3433597, 3433598, 3433599, 3433600, 3433601, 3433602, 3433603, 3433604, 3433605, 3433606, 3433607, 3433608, 3433609, 3433610, 3433611, 3433612, 3433613, 3433614, 3433615, 3433616, 3433617, 3433618, 3433619, 3433620, 3433621, 3433622, 3433623, 3433624, 3433625, 3433626, 3433627, 3433628, 3433629, 3433630, 3433631, 3433632, 3433633, 3433634, 3433638, 3433641, 3433642, 3433645, 3433647, 3433658, 3433659, 3433660, 3433661, 3433662, 3433663, 3433664, 3433665]"
120009,[352321],[3433636]
120010,"[352422, 352420, 352424, 352426]","[3433637, 3433639, 3433640, 3433646]"
130002,"[352354, 352360, 352358, 352355, 352361, 352359, 352352, 352357, 352356, 352350, 352467, 352351, 352353]","[3429869, 3429870, 3429871, 3429872, 3429873, 3429874, 3429875, 3429876, 3429877, 3429878, 3429879, 3429880, 3429881, 3429882, 3429883, 3429884, 3429885, 3429886, 3429887, 3429888, 3429889, 3429890, 3429891, 3429892, 3429893, 3429894, 3429895, 3429896, 3429897, 3429898, 3429899, 3429900, 3429901, 3429902, 3429903, 3429904, 3429905, 3429906, 3429907, 3429908, 3429909, 3429910, 3429911, 3429912, 3429913, 3429914, 3429915, 3429916, 3429917, 3429918, 3429919, 3429972, 3429973, 3429974, 3429978, 3429979, 3429980, 3429981, 3429982, 3429984, 3429990]"
130003,"[352350, 352467, 352354, 352351, 352353, 352358, 352355, 352361, 352359, 352352, 352357, 352356, 352360]","[3429920, 3429921, 3429922, 3429923, 3429924, 3429925, 3429926, 3429927, 3429928, 3429929, 3429930, 3429931, 3429932, 3429933, 3429934, 3429935, 3429936, 3429937, 3429938, 3429939, 3429940, 3429941, 3429942, 3429943, 3429944, 3429945, 3429946, 3429947, 3429948, 3429949, 3429950, 3429951, 3429952, 3429953, 3429954, 3429955, 3429956, 3429957, 3429958, 3429959, 3429960, 3429961, 3429962, 3429963, 3429964, 3429965, 3429966, 3429967, 3429968, 3429969, 3429970, 3429971, 3429975, 3429976, 3429977, 3429983, 3429985, 3429988, 3429989]"
130004,[352288],[3429986]
130005,[352487],[3429987]
140002,"[352435, 352303, 352285, 352439, 352433, 352438, 352432, 352437, 352344]","[3433503, 3433504, 3433505, 3433506, 3433507, 3433508, 3433509, 3433510, 3433511, 3433512, 3433513, 3433514, 3433515, 3433516, 3433517, 3433518, 3433535, 3433537, 3433539]"
140003,"[352432, 352433, 352439, 352285, 352303, 352438, 352435, 352437, 352344]","[3433519, 3433520, 3433521, 3433522, 3433523, 3433524, 3433525, 3433526, 3433527, 3433528, 3433529, 3433530, 3433531, 3433532, 3433533, 3433534, 3433536, 3433538, 3433540]"
160026,"[352366, 352368, 352371, 352362, 352363, 352370, 353813, 352367, 352364, 352365, 352369, 352372]","[3433401, 3433402, 3433403, 3433404, 3433405, 3433406, 3433407, 3433408, 3433409, 3433410, 3433411, 3433412, 3433413, 3433414, 3433415, 3433416, 3433417, 3433418, 3433419, 3433420, 3433421, 3433422, 3433423, 3433424, 3433425, 3433426, 3433427, 3433428, 3433429, 3433430, 3433431, 3433432, 3433433, 3433434, 3433435, 3433436, 3433437, 3433475, 3433490, 3433491, 3433492, 3433493, 3433494, 3433495, 3433496, 3433497, 3433498, 3433499, 3433500, 3433501]"
160027,"[352363, 352370, 353813, 352362, 352367, 352364, 352365, 352371, 352366, 352368, 352369, 352372]","[3433438, 3433439, 3433440, 3433441, 3433442, 3433443, 3433444, 3433445, 3433446, 3433447, 3433448, 3433449, 3433450, 3433451, 3433452, 3433453, 3433454, 3433455, 3433456, 3433457, 3433458, 3433459, 3433460, 3433461, 3433462, 3433463, 3433464, 3433465, 3433466, 3433467, 3433468, 3433469, 3433470, 3433471, 3433474, 3433476, 3433478, 3433479, 3433480, 3433481, 3433482, 3433483, 3433484, 3433485, 3433486, 3433487, 3446834]"
160028,"[352368, 352369, 352366, 352372, 352367]","[3433472, 3433473, 3433477, 3433488, 3433489]"
160029,[352364],[3433502]
160012,"[352368, 352379, 352371]","[3446829, 3446830, 3446831, 3446832, 3446833]"
160033,"[352362, 352363]","[3446835, 3446836, 3446837, 3446838, 3446839, 3446840]"
190001,"[352357, 352350, 352351, 352353, 352355, 352359, 352354, 352360, 352358, 352361, 352352, 352356, 352467]","[3433236, 3433237, 3433238, 3433239, 3433240, 3433241, 3433242, 3433243, 3433244, 3433245, 3433246, 3433247, 3433248, 3433249, 3433250, 3433251, 3433252, 3433253, 3433254, 3433255, 3433256, 3433257, 3433258, 3433259, 3433260, 3433336, 3433337, 3433338, 3433339, 3433340, 3433341, 3433342, 3433351, 3433352]"
190002,"[352356, 352354, 352360, 352358, 352361, 352352, 352467, 352351, 352353, 352355, 352359, 352357, 352350]","[3433261, 3433262, 3433263, 3433264, 3433265, 3433266, 3433267, 3433268, 3433269, 3433270, 3433271, 3433272, 3433273, 3433274, 3433275, 3433276, 3433277, 3433278, 3433279, 3433280, 3433281, 3433282, 3433283, 3433284, 3433285, 3433368, 3433369, 3433370, 3433371, 3433372, 3433373, 3433388, 3433389, 3433392]"
190003,"[352356, 352354, 352360, 352358, 352361, 352352, 352467, 352351, 352353, 352355, 352359, 352357, 352350]","[3433286, 3433287, 3433288, 3433289, 3433290, 3433291, 3433292, 3433293, 3433294, 3433295, 3433296, 3433297, 3433298, 3433299, 3433300, 3433301, 3433302, 3433303, 3433304, 3433305, 3433306, 3433307, 3433308, 3433309, 3433334, 3433382, 3433383, 3433384, 3433385, 3433386, 3433387, 3433390, 3433391, 3433393]"
190004,"[352357, 352350, 352351, 352353, 352355, 352359, 352354, 352360, 352358, 352361, 352352, 352356, 352467]","[3433310, 3433311, 3433312, 3433313, 3433314, 3433315, 3433316, 3433317, 3433318, 3433319, 3433320, 3433321, 3433322, 3433323, 3433324, 3433325, 3433326, 3433327, 3433328, 3433329, 3433330, 3433331, 3433332, 3433333, 3433335, 3433343, 3433344, 3433345, 3433346, 3433347, 3433348, 3433349, 3433350, 3433353, 3433354]"
190024,"[352460, 353934, 352458]","[3433355, 3433356, 3433357, 3433358, 3433359, 3433360, 3433361, 3433362, 3433363, 3433364, 3433365, 3433366, 3433367]"
190025,"[352458, 353935]","[3433374, 3433375, 3433376, 3433377, 3433378, 3433379, 3433380, 3433381, 3433394, 3433395, 3433396, 3433397, 3433398, 3433399, 3433400]"
10027,"[352314, 352373, 352389, 352307, 352380, 352376, 352377, 352390, 352381, 352391, 352388, 352313, 352387, 354099, 352308, 352375, 352383, 352306, 352392, 352378]","[3433888, 3433889, 3433890, 3433891, 3433892, 3433893, 3433894, 3433895, 3433896, 3433897, 3433898, 3433899, 3433900, 3433901, 3433902, 3433903, 3433904, 3433905, 3433906, 3433907, 3433908, 3433909, 3433910, 3433911, 3433912, 3433913, 3433914, 3433915, 3433916, 3433917, 3433918, 3433919, 3433920, 3433921, 3433922, 3433923, 3433924, 3433925, 3433926, 3433927, 3433928, 3433929, 3433930, 3433931, 3433932, 3433979]"
10010,"[352380, 352376, 352377, 352374, 352390, 352385, 352381, 352378, 352313, 352387, 354099, 352308, 352375, 352383, 352306, 352392, 352384, 352382, 352314, 352389, 352307]","[3433933, 3433934, 3433935, 3433936, 3433937, 3433938, 3433939, 3433940, 3433941, 3433942, 3433943, 3433944, 3433945, 3433946, 3433947, 3433948, 3433949, 3433950, 3433951, 3433952, 3433953, 3433954, 3433955, 3433956, 3433957, 3433958, 3433959, 3433960, 3433961, 3433962, 3433963, 3433964, 3433965, 3433966, 3433967, 3433968, 3433969, 3433970, 3433971, 3433972, 3433973, 3433974, 3433975, 3433976, 3433977, 3433978, 3433982]"
10026,"[352379, 352376]","[3433980, 3433981]"
2010013,"[352396, 352406, 352398, 352305, 352411, 352410, 352413, 352412, 352404, 354098, 352408, 352465, 352395, 352409, 352401, 352403]","[3430625, 3430626, 3430627, 3430628, 3430629, 3430630, 3430631, 3430632, 3430633, 3430634, 3430635, 3430636, 3430637, 3430638, 3430639, 3430640, 3430641, 3430642, 3430643, 3430644, 3430645, 3430646, 3430647, 3430648, 3430649, 3430650, 3430651, 3430652, 3430653, 3430654, 3430681, 3430690, 3430693, 3430694, 3430695, 3430697, 3430699, 3430700, 3430701, 3430702, 3430703, 3430704, 3430705, 3430706, 3430707, 3430708, 3430709, 3430710, 3430711, 3430712, 3430713, 3430714, 3430715, 3430716, 3430717, 3430718, 3430719, 3430720, 3430721, 3430722, 3430751, 3430752, 3430753, 3430754, 3430755, 3430756, 3430757, 3430758, 3430759, 3430760, 3430761, 3430762, 3430777, 3430778, 3430780, 3446865, 3446866, 3446867, 3446868, 3446869, 3446870, 3446871, 3446872, 3446873, 3446874]"
2010014,"[352465, 352395, 352409, 352401, 354098, 352398, 352408, 352413, 352412, 352404, 352410, 352411, 352406, 352396, 352305, 352403]","[3430655, 3430656, 3430657, 3430658, 3430659, 3430660, 3430661, 3430662, 3430663, 3430664, 3430665, 3430666, 3430667, 3430668, 3430669, 3430670, 3430671, 3430672, 3430673, 3430674, 3430675, 3430676, 3430677, 3430678, 3430679, 3430680, 3430682, 3430683, 3430684, 3430685, 3430686, 3430687, 3430688, 3430689, 3430691, 3430692, 3430698, 3430723, 3430724, 3430725, 3430726, 3430727, 3430728, 3430729, 3430730, 3430731, 3430732, 3430733, 3430734, 3430735, 3430736, 3430737, 3430738, 3430739, 3430740, 3430741, 3430742, 3430743, 3430744, 3430745, 3430746, 3430747, 3430748, 3430749, 3430763, 3430764, 3430765, 3430766, 3430767, 3430768, 3430769, 3430770, 3430771, 3430772, 3430773, 3430774, 3446875, 3446876, 3446877, 3446878, 3446879, 3446880, 3446881, 3446882, 3446883, 3446884]"
2010012,"[352408, 352413]","[3430696, 3430779]"
2010015,[352469],[3430750]
2010010,"[352412, 352411]","[3430775, 3430776]"
2010031,"[352403, 352370]","[3430781, 3430782, 3430783, 3446885, 3446886, 3446887, 3446888]"
2020005,"[352267, 352266, 352273, 352287, 352284, 352281, 352272, 352293, 352268, 352288, 352290, 352282, 352283, 352289]","[3430110, 3430111, 3430112, 3430113, 3430114, 3430115, 3430116, 3430117, 3430118, 3430119, 3430120, 3430121, 3430122, 3430123, 3430124, 3430125, 3430126, 3430127, 3430128, 3430129, 3430130, 3430131, 3430132, 3430133, 3430134, 3430135, 3430136, 3430137, 3430138, 3430139, 3430140, 3430141, 3430142, 3430143, 3430202, 3430203, 3430204, 3430205, 3430206, 3430207, 3430208, 3430209, 3430210, 3430211, 3430212, 3430213, 3430214, 3430215, 3430216, 3430217, 3430218, 3430219, 3430220, 3430221, 3430222, 3430223, 3430224, 3430225, 3430226, 3430239, 3430240, 3430241, 3430242, 3430243, 3430244, 3430245, 3430246, 3430247, 3430248, 3430249, 3430250]"
2020006,"[352273, 352272, 352283, 352289, 352268, 352266, 352267, 352287, 352284, 352281, 352293, 352288, 352290, 352282]","[3430144, 3430145, 3430146, 3430147, 3430148, 3430149, 3430150, 3430151, 3430152, 3430153, 3430154, 3430155, 3430156, 3430157, 3430158, 3430159, 3430160, 3430161, 3430162, 3430163, 3430164, 3430165, 3430166, 3430167, 3430168, 3430169, 3430170, 3430171, 3430172, 3430173, 3430174, 3430175, 3430176, 3430177, 3430178, 3430179, 3430180, 3430181, 3430182, 3430183, 3430184, 3430185, 3430186, 3430187, 3430188, 3430189, 3430190, 3430191, 3430192, 3430193, 3430194, 3430195, 3430196, 3430197, 3430198, 3430199, 3430200, 3430201, 3430227, 3430228, 3430229, 3430230, 3430231, 3430232, 3430233, 3430234, 3430235, 3430236, 3430237, 3430238]"
2030014,"[354045, 354047, 354048, 354049, 354052, 354053, 354051, 354046, 354050]","[3431187, 3431188, 3431189, 3431190, 3431191, 3431192, 3431193, 3431194, 3431195, 3431196, 3431197, 3431221, 3431222, 3431223, 3431224, 3431225, 3431226, 3431227, 3431228, 3431229, 3431233, 3431256, 3431257, 3431258]"
2030012,"[354053, 354046, 354045, 354031, 354047, 354048, 354051]","[3431198, 3431199, 3431200, 3431201, 3431202, 3431203, 3431204, 3431205, 3431206, 3431235]"
2030015,"[354046, 354045, 354047, 354048, 354049, 354051, 354052, 354050, 354053]","[3431207, 3431208, 3431209, 3431210, 3431211, 3431212, 3431213, 3431238, 3431239, 3431240, 3431241, 3431242, 3431243, 3431244, 3431245, 3431246, 3431247, 3431248, 3431249, 3431250, 3431251, 3431252, 3431253, 3431254]"
2030013,"[354046, 354045, 354031, 354047, 354048, 354051, 354053]","[3431214, 3431215, 3431216, 3431217, 3431218, 3431219, 3431220, 3431232, 3431234, 3431236]"
2040011,"[352271, 352466, 352274, 352277, 352269, 352275, 352270, 352265, 352276, 352292, 352278, 352279, 352389]","[3433016, 3433017, 3433018, 3433019, 3433020, 3433021, 3433022, 3433023, 3433024, 3433025, 3433026, 3433027, 3433028, 3433029, 3433030, 3433031, 3433032, 3433033, 3433034, 3433035, 3433036, 3433037, 3433038, 3433039, 3433040, 3433041, 3433042, 3433043, 3433044, 3433045, 3433046, 3433047, 3433048, 3433049, 3433050, 3433051, 3433052, 3433053, 3433054, 3433055, 3433056, 3433057, 3433058, 3433059, 3433060, 3433061, 3433062, 3433063, 3433064, 3433065, 3433066, 3433067, 3433127, 3433128, 3433129, 3433130, 3433131, 3433132, 3433134, 3433135]"
2040012,"[352274, 352269, 352275, 352270, 352265, 352271, 352276, 352292, 352466, 352278, 352277, 352279]","[3433068, 3433069, 3433070, 3433071, 3433072, 3433073, 3433074, 3433075, 3433076, 3433077, 3433078, 3433079, 3433080, 3433081, 3433082, 3433083, 3433084, 3433085, 3433086, 3433087, 3433088, 3433089, 3433090, 3433091, 3433092, 3433093, 3433094, 3433095, 3433096, 3433097, 3433098, 3433099, 3433100, 3433101, 3433102, 3433103, 3433104, 3433105, 3433106, 3433107, 3433108, 3433109, 3433110, 3433111, 3433112, 3433113, 3433114, 3433115, 3433116, 3433117, 3433118, 3433119, 3433120, 3433121, 3433122, 3433123, 3433124, 3433125, 3433126, 3433133]"
2040007,[352278],[3433136]
2050007,"[352466, 352274, 352269, 352275, 352270, 352265, 352271, 352276, 352292, 352278, 352277, 352279, 352309]","[3432895, 3432896, 3432897, 3432898, 3432899, 3432906, 3432907, 3432908, 3432909, 3432910, 3432911, 3432912, 3432913, 3432914, 3432915, 3432916, 3432917, 3432918, 3432919, 3432920, 3432921, 3432922, 3432923, 3432924, 3432925, 3432926, 3432927, 3432928, 3432929, 3432930, 3432931, 3432932, 3432933, 3432934, 3432935, 3432936, 3432937, 3432938, 3432939, 3432940, 3432941, 3432942, 3432943, 3432944, 3432945, 3432946, 3432947, 3432948, 3432949, 3432950, 3432951, 3432952, 3432953, 3432954, 3432955, 3432956, 3433004, 3433005, 3433012, 3433013]"
2050016,"[352292, 352269, 352275, 352270, 352265, 352278, 352271, 352276, 352466, 352274, 352277, 352279]","[3432900, 3432901, 3432902, 3432903, 3432904, 3432905, 3432957, 3432958, 3432959, 3432960, 3432961, 3432962, 3432963, 3432964, 3432965, 3432966, 3432967, 3432968, 3432969, 3432970, 3432971, 3432972, 3432973, 3432974, 3432975, 3432976, 3432977, 3432978, 3432979, 3432980, 3432981, 3432982, 3432983, 3432984, 3432985, 3432986, 3432987, 3432988, 3432989, 3432990, 3432991, 3432992, 3432993, 3432994, 3432995, 3432996, 3432997, 3432998, 3432999, 3433000, 3433001, 3433002, 3433003, 3433006, 3433007, 3433008, 3433009, 3433011]"
2050010,"[352292, 352265]","[3433010, 3433015]"
2050009,[352270],[3433014]
2060030,"[352331, 352327, 352322, 352335, 352334]","[3430991, 3430998, 3431002, 3431004, 3431005, 3431072, 3431094, 3431095]"
2060031,"[352326, 352327, 352322, 352331, 352333, 352334, 352335, 352325]","[3430992, 3430994, 3430995, 3430996, 3431060, 3431061, 3431062, 3431063, 3431064, 3431065, 3431066, 3431067, 3431068, 3431069, 3431070, 3431071, 3431073, 3431074, 3431075, 3431076, 3431077, 3431078, 3431079, 3431080, 3431081, 3431082, 3431083, 3431084, 3431085, 3431086, 3431087, 3431089, 3431090, 3431092, 3431093]"
2060013,"[352334, 352333]","[3430993, 3431096]"
2060032,[352326],[3430997]
2060012,"[352334, 352325]","[3430999, 3431001]"
2060016,[352331],[3431000]
2060033,"[352322, 354051]","[3431003, 3431008]"
2060034,[352327],[3431006]
2060010,"[352327, 352331, 352335, 352334, 352325, 352333, 352322, 352326]","[3431007, 3431009, 3431010, 3431011, 3431012, 3431013, 3431014, 3431015, 3431016, 3431017, 3431018, 3431019, 3431020, 3431021, 3431022, 3431023, 3431024, 3431025, 3431026, 3431027, 3431028, 3431029, 3431030, 3431031, 3431032, 3431033, 3431034, 3431035, 3431036, 3431037, 3431038, 3431039, 3431040, 3431041, 3431043, 3431044, 3431045, 3431046, 3431047, 3431048, 3431051, 3431053, 3431054]"
2060017,"[352331, 352322, 352327, 352325]","[3431042, 3431055, 3431056, 3431058, 3431059]"
2060019,[352333],[3431049]
2060018,"[352335, 352323]","[3431050, 3431052]"
2060035,"[352333, 352335, 352325]","[3446904, 3446905, 3446906]"
200003,"[352315, 352379, 352314, 352373, 352389, 352307, 352380, 352381, 352384, 352378, 352382, 352377, 352391, 352390, 352388, 352313, 352387, 354099, 352308, 352375, 352374, 352306, 352464, 352468]","[3433137, 3433138, 3433139, 3433140, 3433141, 3433142, 3433143, 3433144, 3433145, 3433146, 3433147, 3433148, 3433149, 3433150, 3433151, 3433152, 3433153, 3433154, 3433155, 3433156, 3433157, 3433158, 3433159, 3433160, 3433161, 3433162, 3433163, 3433164, 3433165, 3433166, 3433167, 3433168, 3433169, 3433170, 3433171, 3433172, 3433173, 3433174, 3433175, 3433176, 3433177, 3433178, 3433179, 3433180, 3433181, 3433182, 3433183, 3433234, 3433235]"
200019,"[352381, 352378, 352374, 352390, 352385, 352468, 352464, 352315, 352379, 352314, 352373, 352307, 352308, 352306, 352313, 352375, 352383, 352392, 352384, 352382, 352377, 352391, 352388, 352387, 354099]","[3433184, 3433185, 3433186, 3433187, 3433188, 3433189, 3433190, 3433191, 3433192, 3433193, 3433194, 3433195, 3433196, 3433197, 3433198, 3433199, 3433200, 3433201, 3433202, 3433203, 3433204, 3433205, 3433206, 3433207, 3433208, 3433209, 3433210, 3433211, 3433212, 3433213, 3433214, 3433215, 3433216, 3433217, 3433218, 3433219, 3433220, 3433221, 3433222, 3433223, 3433224, 3433225, 3433226, 3433227, 3433228, 3433229, 3433230, 3433231, 3433232, 3433233]"
210003,"[352341, 352338, 352459, 352337, 352339, 352336, 352340, 352342]","[3432647, 3432649, 3432661, 3432662, 3432663, 3432664, 3432665, 3432666, 3432667, 3432668, 3432669, 3432670, 3432671, 3432672, 3432675, 3432676, 3432679, 3432685, 3432686, 3432687, 3432688, 3432689, 3432690, 3432691, 3432692, 3432693, 3432694]"
210002,"[352338, 352339, 352341, 352337, 352336, 352340, 352459, 352342]","[3432648, 3432650, 3432651, 3432652, 3432653, 3432654, 3432655, 3432656, 3432657, 3432658, 3432659, 3432660, 3432674, 3432677, 3432678, 3432680, 3432681, 3432682, 3432683, 3432684, 3432695, 3432696, 3432697, 3432698, 3432699, 3432700]"
210004,[352337],[3432673]
220002,"[352296, 352298, 352286, 352299, 352301, 352436, 353668, 352304]","[3432577, 3432578, 3432579, 3432580, 3432581, 3432582, 3432583, 3432584, 3432585, 3432586, 3432587, 3432588, 3432589, 3432590, 3432591, 3432592, 3432593, 3432594, 3432595, 3432596, 3432597, 3432598, 3432599, 3432600, 3432601, 3432602, 3432603, 3432604, 3432605, 3432606, 3432607, 3432608, 3432609, 3432644, 3432645]"
220003,"[352436, 352296, 352298, 352286, 352299, 352301, 353668, 352304]","[3432610, 3432611, 3432612, 3432613, 3432614, 3432615, 3432616, 3432617, 3432618, 3432619, 3432620, 3432621, 3432622, 3432623, 3432624, 3432625, 3432626, 3432627, 3432628, 3432629, 3432630, 3432631, 3432632, 3432633, 3432634, 3432635, 3432636, 3432637, 3432638, 3432639, 3432640, 3432641, 3432642, 3432643, 3432646]"
230003,"[352463, 352462]","[3432509, 3432510, 3432511, 3432512, 3432513, 3432514, 3432515, 3432516, 3432517, 3432518, 3432519, 3432520, 3432521, 3432522, 3432523, 3432524, 3432525, 3432526, 3432527, 3432528, 3432529, 3432530, 3432531, 3432532, 3432533, 3432534, 3432535, 3432536, 3432537, 3432538, 3432539, 3432540, 3432541, 3432576]"
230004,"[352463, 352462]","[3432542, 3432543, 3432544, 3432545, 3432546, 3432547, 3432548, 3432549, 3432550, 3432551, 3432552, 3432553, 3432554, 3432555, 3432556, 3432557, 3432558, 3432559, 3432560, 3432561, 3432562, 3432563, 3432564, 3432565, 3432566, 3432567, 3432568, 3432569, 3432570, 3432571, 3432572, 3432573, 3432574, 3432575]"
260002,"[352304, 352299, 352286, 352298, 352296, 353668, 352301, 352436, 352463]","[3432481, 3432482, 3432483, 3432484, 3432485, 3432486, 3432487, 3432488, 3432489, 3432490, 3432491, 3432492, 3432506, 3432508]"
260001,"[352296, 352298, 352286, 352299, 352301, 352304, 353668, 352436, 352463]","[3432493, 3432494, 3432495, 3432496, 3432497, 3432498, 3432499, 3432500, 3432501, 3432502, 3432503, 3432504, 3432505, 3432507]"
270003,"[352302, 352461, 352294]","[3432419, 3432420, 3432421, 3432422, 3432423, 3432424, 3432425, 3432426, 3432427, 3432428, 3432429, 3432430, 3432431, 3432432, 3432433, 3432434, 3432435, 3432436, 3432437, 3432438, 3432439, 3432440, 3432441, 3432442, 3432443, 3432444, 3432445, 3432446, 3432447, 3432448, 3432449]"
270004,"[352302, 352461, 352294]","[3432450, 3432451, 3432452, 3432453, 3432454, 3432455, 3432456, 3432457, 3432458, 3432459, 3432460, 3432461, 3432462, 3432463, 3432464, 3432465, 3432466, 3432467, 3432468, 3432469, 3432470, 3432471, 3432472, 3432473, 3432474, 3432475, 3432476, 3432477, 3432478, 3432479, 3432480]"
280004,"[352294, 352302, 352461]","[3432348, 3432349, 3432350, 3432351, 3432352, 3432353, 3432354, 3432355, 3432356, 3432357, 3432358, 3432359, 3432360, 3432361, 3432362, 3432363, 3432364, 3432365, 3432366, 3432367, 3432368, 3432369, 3432370, 3432371, 3432372, 3432373, 3432374, 3432375, 3432376, 3432377, 3432378, 3432379, 3432380, 3432381, 3432382, 3432418]"
280005,"[352294, 352302, 352461]","[3432383, 3432384, 3432385, 3432386, 3432387, 3432388, 3432389, 3432390, 3432391, 3432392, 3432393, 3432394, 3432395, 3432396, 3432397, 3432398, 3432399, 3432400, 3432401, 3432402, 3432403, 3432404, 3432405, 3432406, 3432407, 3432408, 3432409, 3432410, 3432411, 3432412, 3432413, 3432414, 3432415, 3432416, 3432417]"
290003,"[352438, 352432, 352439, 352433, 352435, 352303, 352285, 352437, 352434]","[3432274, 3432275, 3432276, 3432277, 3432278, 3432279, 3432280, 3432281, 3432282, 3432283, 3432284, 3432285, 3432286, 3432287, 3432288, 3432289, 3432290, 3432291, 3432292, 3432293, 3432294, 3432295, 3432296, 3432297, 3432298, 3432299, 3432300, 3432301, 3432302, 3432303, 3432304, 3432305, 3432306, 3432343, 3432344, 3432345, 3432346]"
290004,"[352437, 352435, 352433, 352434, 352432, 352439, 352285, 352303, 352438]","[3432307, 3432308, 3432309, 3432310, 3432311, 3432312, 3432313, 3432314, 3432315, 3432316, 3432317, 3432318, 3432319, 3432320, 3432321, 3432322, 3432323, 3432324, 3432325, 3432326, 3432327, 3432328, 3432329, 3432330, 3432331, 3432332, 3432333, 3432334, 3432335, 3432336, 3432337, 3432338, 3432339, 3432340, 3432341, 3432342]"
290005,[352432],[3432347]
3010005,"[352489, 352495, 352494, 352497, 352498, 352492, 352490, 352496, 352491, 352493]","[3432701, 3432702, 3432703, 3432704, 3432705, 3432706, 3432707, 3432708, 3432709, 3432710, 3432711, 3432712, 3432713, 3432714, 3432715, 3432716, 3432717, 3432718, 3432719, 3432720, 3432721, 3432722, 3432723, 3432724, 3432725, 3432726, 3432727, 3432728, 3432729, 3432730, 3432731, 3432732, 3432733, 3432734, 3432735, 3432736, 3432737, 3432738, 3432739, 3432740, 3432741, 3432742, 3432743, 3432744, 3432745, 3432746, 3432747, 3432748, 3432749, 3432750, 3432751, 3432752, 3432753, 3432754, 3432755, 3432756, 3432757, 3432758, 3432759, 3432760, 3432761, 3432762, 3432763, 3432764, 3432765, 3432766, 3432767, 3432768, 3432769, 3432770, 3432771, 3432772, 3432773, 3432774, 3432775, 3432776, 3432777, 3432778, 3432779, 3432780, 3432781, 3432782, 3432783, 3432784, 3432785, 3432786, 3432787, 3432788, 3432789, 3432790, 3432791, 3432792, 3432793, 3432794, 3432795, 3432796]"
3010006,"[352497, 352493, 352492, 352491, 352496, 352494, 352490, 352495, 352489, 352498]","[3432797, 3432799, 3432800, 3432801, 3432802, 3432803, 3432804, 3432805, 3432806, 3432807, 3432808, 3432809, 3432810, 3432811, 3432812, 3432813, 3432814, 3432815, 3432816, 3432817, 3432818, 3432819, 3432820, 3432821, 3432822, 3432823, 3432824, 3432825, 3432826, 3432827, 3432828, 3432829, 3432830, 3432831, 3432832, 3432833, 3432834, 3432835, 3432836, 3432837, 3432838, 3432839, 3432840, 3432841, 3432842, 3432843, 3432844, 3432845, 3432846, 3432847, 3432848, 3432849, 3432850, 3432851, 3432852, 3432853, 3432854, 3432855, 3432856, 3432857, 3432858, 3432859, 3432860, 3432861, 3432862, 3432863, 3432864, 3432865, 3432866, 3432867, 3432868, 3432869, 3432870, 3432871, 3432872, 3432873, 3432874, 3432875, 3432876, 3432877, 3432878, 3432879, 3432880, 3432881, 3432882, 3432883, 3432884, 3432885, 3432886, 3432887, 3432888, 3432889, 3432890, 3432891, 3432892, 3432893, 3432894]"
3010007,[352494],[3432798]
3020006,"[352326, 352264, 352328, 352330, 352488, 352329, 352324, 352323, 352322, 352332, 352449]","[3430360, 3430361, 3430362, 3430363, 3430364, 3430365, 3430366, 3430367, 3430368, 3430369, 3430370, 3430371, 3430372, 3430373, 3430374, 3430375, 3430376, 3430377, 3430378, 3430379, 3430380, 3430381, 3430382, 3430383, 3430384, 3430385, 3430386, 3430387, 3430388, 3430389, 3430390, 3430391, 3430392, 3430393, 3430394, 3430395, 3430396, 3430397, 3430398, 3430399, 3430400, 3430401, 3430402, 3430403, 3430404, 3430405, 3430406, 3430407, 3430408, 3430409, 3430410, 3430411, 3430412, 3430413, 3430414, 3430415, 3430416, 3430417, 3430418, 3430419, 3430420, 3430421, 3430422, 3430423, 3430424, 3430425, 3430426, 3430427, 3430428, 3430429, 3430430, 3430431, 3430432, 3430433, 3430434, 3430435, 3430436, 3430437, 3430525, 3430527, 3430528, 3430529, 3430543, 3430544, 3430545, 3430546, 3430547]"
3020007,"[352330, 352326, 352328, 352324, 352323, 352488, 352329, 352322, 352332, 352449]","[3430438, 3430439, 3430440, 3430441, 3430442, 3430443, 3430444, 3430445, 3430446, 3430447, 3430448, 3430449, 3430450, 3430451, 3430452, 3430453, 3430454, 3430455, 3430456, 3430457, 3430458, 3430459, 3430460, 3430461, 3430462, 3430463, 3430464, 3430465, 3430466, 3430467, 3430468, 3430469, 3430470, 3430471, 3430472, 3430473, 3430474, 3430475, 3430476, 3430477, 3430478, 3430479, 3430480, 3430481, 3430482, 3430483, 3430484, 3430485, 3430486, 3430487, 3430488, 3430489, 3430490, 3430491, 3430492, 3430493, 3430494, 3430495, 3430496, 3430497, 3430498, 3430499, 3430500, 3430501, 3430502, 3430503, 3430504, 3430505, 3430506, 3430507, 3430508, 3430509, 3430510, 3430511, 3430512, 3430513, 3430514, 3430515, 3430516, 3430517, 3430518, 3430519, 3430520, 3430521, 3430522, 3430523, 3430524, 3430526]"
3020008,"[352264, 352488]","[3430539, 3430551]"
3020009,[352488],[3430542]
3020010,[352488],[3430550]
300002,"[352359, 352357, 352356, 352350, 352354, 352351, 352360, 352353, 352358, 352355, 352361, 352352, 352467]","[3432139, 3432140, 3432141, 3432142, 3432143, 3432144, 3432145, 3432146, 3432147, 3432148, 3432149, 3432150, 3432151, 3432152, 3432153, 3432154, 3432155, 3432156, 3432157, 3432158, 3432159, 3432160, 3432161, 3432162, 3432163, 3432164, 3432165, 3432166, 3432167, 3432168, 3432169, 3432170, 3432171, 3432172, 3432173, 3432174, 3432175, 3432176, 3432177, 3432178, 3432179, 3432180, 3432181, 3432182, 3432183, 3432184, 3432185, 3432186, 3432187, 3432188, 3432189, 3432190, 3432191, 3432192, 3432193, 3432194, 3432195, 3432196, 3432197, 3432198, 3432199, 3432200]"
310004,"[352303, 352285, 352438, 352434, 352435, 352432, 352433, 352439, 352437]","[3431920, 3431921, 3431922, 3431923, 3431924, 3431925, 3431926, 3431927, 3431928, 3431929, 3431930, 3431931, 3431932, 3431933, 3431934, 3431935, 3431936, 3431937, 3431938, 3431939, 3431940, 3431941, 3431942, 3431943, 3431944, 3431945, 3431946, 3431947, 3431948, 3431949, 3431950, 3431987, 3431988, 3431990]"
310005,"[352438, 352439, 352303, 352433, 352432, 352435, 352285, 352437, 352434]","[3431951, 3431952, 3431953, 3431954, 3431955, 3431956, 3431957, 3431958, 3431959, 3431960, 3431961, 3431962, 3431963, 3431964, 3431965, 3431966, 3431967, 3431968, 3431969, 3431970, 3431971, 3431972, 3431973, 3431974, 3431975, 3431976, 3431977, 3431978, 3431979, 3431980, 3431981, 3431982, 3431989]"
310006,"[352487, 352376]","[3431983, 3431984]"
310007,"[352285, 352303]","[3431985, 3431986]"
330012,"[353668, 352298, 352296, 352286, 352299, 352301, 352436, 352304]","[3431848, 3431849, 3431850, 3431851, 3431852, 3431853, 3431854, 3431855, 3431856, 3431857, 3431858, 3431859, 3431860, 3431861, 3431862, 3431863, 3431864, 3431865, 3431866, 3431867, 3431868, 3431869, 3431870, 3431871, 3431872, 3431873, 3431874, 3431875, 3431876, 3431877, 3431909, 3431911, 3431912, 3431913, 3431914, 3431915]"
330013,"[352298, 352286, 352299, 352301, 352436, 352296, 352304, 353668]","[3431878, 3431879, 3431880, 3431881, 3431882, 3431883, 3431884, 3431885, 3431886, 3431887, 3431888, 3431889, 3431890, 3431891, 3431892, 3431893, 3431894, 3431895, 3431896, 3431897, 3431898, 3431899, 3431900, 3431901, 3431902, 3431903, 3431904, 3431905, 3431906, 3431907, 3431908, 3431910, 3431916, 3431917, 3431918, 3431919]"
340002,"[353663, 353665, 353666, 353667, 353668, 353662, 352469, 353664, 353669]","[3431800, 3431801, 3431802, 3431803, 3431804, 3431805, 3431806, 3431807, 3431808, 3431809, 3431810, 3431811]"
340004,"[353665, 353668, 353667, 353669, 353662, 353664, 352469, 353663, 353666]","[3431812, 3431813, 3431814, 3431815, 3431821, 3431822, 3431823, 3431824, 3431825, 3431826, 3431833, 3431835]"
340003,"[353666, 353665, 353668, 353667, 353662, 353669, 353664, 352469, 353663]","[3431816, 3431817, 3431818, 3431819, 3431820, 3431827, 3431828, 3431829, 3431830, 3431831, 3431832, 3431834]"
350002,"[353665, 353666, 353667, 353668, 353664, 353669, 353662, 352469, 353663]","[3446655, 3446656, 3446657, 3446658, 3446659, 3446660, 3446661, 3446662, 3446663, 3446664, 3446665, 3446666, 3446667]"
350001,"[353665, 353666, 353662, 353667, 353668, 353669, 352469, 353664, 353663]","[3446668, 3446669, 3446670, 3446671, 3446672, 3446673, 3446674, 3446675, 3446676, 3446677, 3446678, 3446679]"
360003,"[354041, 354040, 352258, 354039]","[3429805, 3429806, 3429807, 3429808, 3429809, 3429810, 3429811, 3429812, 3429813, 3429814, 3429815, 3429816, 3429817, 3429818, 3429819, 3429820, 3429821, 3429822, 3429823, 3429824, 3429825, 3429826, 3429827, 3429828, 3429830, 3429831, 3429832, 3429833, 3429834, 3429835, 3429836]"
360013,[354039],[3429829]
360010,"[354041, 354039, 352258, 354040]","[3429839, 3429840, 3429841, 3429842, 3429843, 3429844, 3429845, 3429846, 3429847, 3429848, 3429849, 3429850, 3429851, 3429852, 3429853, 3429854, 3429855, 3429856, 3429857, 3429858, 3429859, 3429860, 3429861, 3429862, 3429863, 3429864, 3429865, 3429866, 3429867, 3447301, 3447302]"
360009,[354100],[3429868]
30009,"[352311, 352310, 352308, 352306, 352313, 352312, 352309, 352314, 352315, 352307]","[3432201, 3432202, 3432203, 3432204, 3432205, 3432206, 3432207, 3432208, 3432209, 3432210, 3432211, 3432212, 3432213, 3432214, 3432215, 3432216, 3432217, 3432218, 3432219, 3432220, 3432221, 3432222, 3432223, 3432224, 3432225, 3432226, 3432227, 3432228, 3432229, 3432230, 3432231, 3432232, 3432266, 3432267, 3432272, 3432273]"
30005,"[352312, 352311, 352310, 352309, 352313, 352306, 352308, 352314, 352315, 352307]","[3432233, 3432234, 3432235, 3432236, 3432237, 3432238, 3432239, 3432240, 3432241, 3432242, 3432243, 3432244, 3432245, 3432246, 3432247, 3432248, 3432249, 3432250, 3432251, 3432252, 3432253, 3432254, 3432255, 3432256, 3432257, 3432258, 3432259, 3432260, 3432261, 3432262, 3432263, 3432264, 3432268, 3432269, 3432270, 3432271]"
30006,[352307],[3432265]
40011,"[352310, 352311, 352308, 352306, 352313, 352312, 352309, 352307, 352315, 352314]","[3432066, 3432067, 3432068, 3432069, 3432070, 3432071, 3432072, 3432073, 3432074, 3432075, 3432076, 3432077, 3432078, 3432079, 3432080, 3432081, 3432082, 3432083, 3432084, 3432085, 3432086, 3432087, 3432088, 3432089, 3432090, 3432091, 3432092, 3432093, 3432094, 3432095, 3432096, 3432097, 3432133, 3432134, 3432135, 3432136]"
40008,"[352309, 352311, 352312, 352310, 352307, 352315, 352314, 352308, 352306, 352313]","[3432098, 3432099, 3432100, 3432101, 3432102, 3432103, 3432104, 3432105, 3432106, 3432107, 3432108, 3432109, 3432110, 3432111, 3432112, 3432113, 3432114, 3432115, 3432116, 3432117, 3432118, 3432119, 3432120, 3432121, 3432122, 3432123, 3432124, 3432125, 3432126, 3432127, 3432128, 3432129, 3432130, 3432131, 3432132, 3432137, 3432138]"
500009,"[354008, 352440, 352417, 352394, 355311, 354062, 354063, 354064]","[3434182, 3434183, 3434184, 3434185, 3434186, 3434187, 3434188, 3434189, 3434190, 3434191, 3434192, 3434193, 3434194, 3434195, 3434196, 3434197, 3434198, 3434199, 3434200, 3434201, 3434202, 3434203, 3434204, 3434205, 3434206, 3434207, 3434208, 3434209, 3434210, 3434211, 3434212, 3434213, 3434214, 3434215]"
500006,"[352394, 354008, 352440, 352417, 354155, 354062, 354064, 354063]","[3434217, 3434218, 3434219, 3434220, 3434221, 3434222, 3434223, 3434224, 3434225, 3434226, 3434227, 3434228, 3434229, 3434230, 3434231, 3434232, 3434233, 3434234, 3434235, 3434236, 3434237, 3434238, 3434239, 3434240, 3434241, 3434242, 3434243, 3434244, 3434245, 3434246, 3434247, 3434248, 3434249, 3434251]"
500007,[352417],[3434250]
510010,"[352316, 352317, 352318, 352264, 352319, 352320, 354101]","[3434056, 3434057, 3434058, 3434059, 3434060, 3434061, 3434062, 3434063, 3434065, 3434066, 3434067, 3434068, 3434069, 3434070, 3434071, 3434072, 3434073, 3434074, 3434076, 3434077, 3434078, 3434080, 3434081, 3434082, 3434083, 3434084, 3434085, 3434086, 3434087, 3434116]"
510011,"[352320, 352317, 354101, 352319, 352264, 352318, 352316]","[3434064, 3434088, 3434089, 3434090, 3434091, 3434092, 3434093, 3434094, 3434095, 3434096, 3434097, 3434098, 3434099, 3434100, 3434101, 3434102, 3434103, 3434104, 3434105, 3434106, 3434107, 3434108, 3434109, 3434110, 3434111, 3434112, 3434113, 3434114, 3434115]"
510013,[352316],[3434075]
510012,[352317],[3434079]
510015,"[352264, 352319]","[3434117, 3434118]"
510016,[352316],[3434119]
510014,"[352319, 354101, 352317, 352320, 352264, 352316, 352318]","[3434120, 3434121, 3434122, 3434123, 3434124, 3434125, 3434126, 3434127, 3434128, 3434129, 3434130, 3434131, 3434132, 3434133, 3434134, 3434135, 3434136, 3434137, 3434138, 3434139, 3434140, 3434141, 3434142, 3434143, 3434144, 3434145, 3434146, 3434147, 3434148, 3434149, 3434150]"
510020,[352316],[3434151]
510019,[352318],[3434152]
510017,"[352319, 352264, 352320, 354101, 352318, 352317, 352316]","[3434153, 3434154, 3434155, 3434156, 3434157, 3434158, 3434159, 3434160, 3434161, 3434162, 3434163, 3434164, 3434165, 3434166, 3434167, 3434168, 3434169, 3434170, 3434171, 3434172, 3434173, 3434174, 3434177, 3434178, 3434179, 3434180, 3434181]"
510018,"[352264, 352320, 352318]","[3434175, 3434176, 3444241]"
530004,"[354060, 355311, 354064, 354063]","[3433983, 3433984, 3433985, 3433986, 3433987, 3433988, 3433989, 3433990, 3433991, 3433992, 3433993, 3433994, 3433995, 3433996, 3433997, 3433998, 3433999, 3434000, 3434001, 3434002, 3434003, 3434054]"
530005,"[354062, 354064, 354063, 354155, 352417, 354048]","[3434004, 3434005, 3434006, 3434007, 3434008, 3434009, 3434010, 3434011, 3434012, 3434013, 3434014, 3434015, 3434016, 3434017, 3434018, 3434019, 3434020, 3434021, 3434022, 3434023, 3434024, 3434025, 3434055]"
530006,"[354063, 354060, 355311, 354064]","[3434026, 3434027, 3434028, 3434029, 3434030, 3434031, 3434032, 3434033, 3434034, 3434035, 3434036, 3434037, 3434038, 3434052]"
530007,"[354062, 354064, 354063, 354060, 354155, 352417]","[3434039, 3434040, 3434041, 3434042, 3434043, 3434044, 3434045, 3434046, 3434047, 3434048, 3434049, 3434050, 3434051, 3434053]"
550003,"[354063, 354155, 352417, 354008, 354064, 352440]","[3430286, 3430287, 3430288, 3430289, 3430290, 3430291, 3430292, 3430293, 3430294, 3430295, 3430296, 3430297, 3430298, 3430317, 3430318, 3430319, 3430320, 3430321]"
550009,"[352417, 354063, 354155, 354008, 354064, 352440]","[3430299, 3430300, 3430301, 3430302, 3430303, 3430304, 3430305, 3430306, 3430307, 3430308, 3430309, 3430310, 3430311, 3430312, 3430313, 3430314, 3430315, 3430316]"
550006,"[352440, 354062, 352394]","[3430322, 3430323, 3430324, 3430325, 3430326, 3430327, 3430328, 3430329, 3430330, 3430340, 3430342, 3430343, 3430344, 3430345, 3430346, 3430347, 3430348, 3430349, 3430350]"
550011,"[352394, 352440, 354062]","[3430331, 3430332, 3430333, 3430334, 3430335, 3430336, 3430337, 3430338, 3430339, 3430341, 3430351, 3430352, 3430353, 3430354, 3430355, 3430356, 3430357, 3430358, 3430359]"
560011,"[354031, 354029, 354032, 354030, 354139]","[3431109, 3431110, 3431111, 3431112, 3431113, 3431114, 3431115, 3431116, 3431117, 3431118, 3431119, 3431120, 3431121, 3431122, 3431123, 3431124, 3431125, 3431126, 3431127, 3431128, 3431129, 3431130, 3431131, 3431132, 3431133, 3431134, 3431135, 3431136, 3431137, 3431138, 3431139, 3431140, 3431141, 3431142, 3431143, 3431144, 3431145]"
560012,"[354031, 354029, 354032, 354030, 354139]","[3431146, 3431147, 3431148, 3431149, 3431150, 3431151, 3431152, 3431153, 3431154, 3431155, 3431156, 3431157, 3431158, 3431159, 3431160, 3431161, 3431162, 3431163, 3431164, 3431165, 3431166, 3431167, 3431168, 3431169, 3431170, 3431171, 3431172, 3431173, 3431174, 3431175, 3431176, 3431177, 3431178, 3431179, 3431180, 3431181, 3431182]"
570017,[354041],[3429617]
570015,"[354040, 354039, 354041, 352258]","[3429618, 3429619, 3429620, 3429621, 3429622, 3429623, 3429624, 3429625, 3429626, 3429627, 3429628, 3429629, 3429630, 3429631, 3429632, 3429633, 3429634, 3429635, 3429636, 3429637, 3429638, 3429639, 3429640, 3429641, 3429642, 3429643, 3429672, 3444572, 3444573, 3444574, 3447574]"
570016,"[354041, 354040, 352258, 354039]","[3429645, 3429646, 3429647, 3429648, 3429649, 3429650, 3429651, 3429652, 3429653, 3429654, 3429655, 3429656, 3429657, 3429658, 3429659, 3429660, 3429661, 3429662, 3429663, 3429664, 3429665, 3429666, 3429667, 3429668, 3429669, 3429670, 3429671, 3429673, 3444570, 3444571]"
580008,"[354064, 354062, 352417, 352394, 354155]","[3430918, 3430919, 3430920, 3430921, 3430922, 3430923, 3430924, 3430925, 3430926, 3430927, 3430928, 3430929, 3430930, 3430931, 3430932, 3430933, 3430934, 3430935, 3430936, 3430937, 3430938, 3430939, 3430940, 3430941, 3430942, 3430943, 3430944, 3430945, 3430946, 3430947, 3430948, 3430949, 3430950, 3430951, 3430952, 3430953, 3430954]"
580010,"[354063, 354060, 352440, 355311, 354008]","[3430955, 3430956, 3430957, 3430958, 3430959, 3430960, 3430961, 3430962, 3430963, 3430964, 3430965, 3430966, 3430967, 3430968, 3430969, 3430970, 3430971, 3430972, 3430973, 3430975, 3430976, 3430977, 3430978, 3430980, 3430981, 3430982, 3430983, 3430984, 3430985, 3430986, 3430987, 3430988, 3430989, 3430990, 3447749, 3447750]"
50007,"[352308, 352306, 352313]","[3431991, 3432017, 3432018, 3432060]"
50005,"[352313, 352308, 352307, 352315, 352314, 352306, 352309, 352310, 352311, 352312]","[3431992, 3431993, 3431995, 3431996, 3431997, 3431998, 3431999, 3432000, 3432001, 3432002, 3432003, 3432004, 3432005, 3432006, 3432007, 3432008, 3432009, 3432010, 3432011, 3432012, 3432013, 3432014, 3432015, 3432016, 3432019, 3432020, 3432021, 3432022, 3432023, 3432024, 3432061, 3432062]"
50006,[352311],[3431994]
50008,"[352307, 352308, 352306, 352313, 352315, 352314, 352309, 352310, 352311, 352312]","[3432025, 3432026, 3432027, 3432028, 3432029, 3432030, 3432031, 3432032, 3432033, 3432034, 3432035, 3432036, 3432037, 3432038, 3432039, 3432040, 3432041, 3432042, 3432043, 3432044, 3432045, 3432046, 3432047, 3432048, 3432049, 3432050, 3432051, 3432052, 3432053, 3432054, 3432055, 3432056, 3432057, 3432058, 3432063, 3432064, 3432065]"
50009,[352315],[3432059]
600001,"[354032, 354139, 354030, 354029, 354031]","[3430854, 3430855, 3430856, 3430857, 3430858, 3430859, 3430860, 3430861, 3430862, 3430863, 3430864, 3430865, 3430866, 3430867, 3430868, 3430869, 3430871, 3430872, 3430873, 3430874, 3430875, 3430876, 3430877, 3430878, 3430879, 3430880, 3430881, 3430882, 3430883, 3430884, 3430885, 3430886]"
600002,"[354139, 354032, 354030, 354031, 354029]","[3430870, 3430887, 3430888, 3430889, 3430890, 3430891, 3430892, 3430893, 3430894, 3430895, 3430896, 3430897, 3430898, 3430899, 3430900, 3430901, 3430902, 3430903, 3430904, 3430905, 3430906, 3430907, 3430908, 3430909, 3430910, 3430911, 3430912, 3430913, 3430914, 3430915, 3430916, 3430917]"
610014,"[354031, 354045]","[3429675, 3429697]"
610004,"[354048, 354052, 354050, 354046, 354053, 354047, 354049, 354051, 354045, 354031]","[3429676, 3429677, 3429678, 3429679, 3429681, 3429682, 3429683, 3429684, 3429685, 3429686, 3429687, 3429688, 3429689, 3429690, 3429691, 3429692, 3429693, 3429694, 3429695, 3429696, 3429698, 3429699, 3429700, 3429701, 3429702, 3429703, 3429704, 3429705, 3429706, 3429707, 3429708, 3429709, 3429710, 3429711, 3429771, 3429772, 3429773, 3429774, 3429775, 3429776, 3429777, 3429778, 3429779, 3429780, 3429781, 3429782, 3429783, 3429784, 3429785, 3429786, 3429787, 3429788, 3429789, 3429790, 3429791, 3429792, 3429793, 3429794, 3444521, 3444522, 3444523, 3447120, 3447751]"
610002,"[354050, 354046, 354045, 354053, 354047, 354048, 354049, 354051, 354052, 354031]","[3429712, 3429713, 3429714, 3429715, 3429716, 3429717, 3429718, 3429719, 3429720, 3429721, 3429722, 3429723, 3429724, 3429725, 3429726, 3429727, 3429728, 3429729, 3429730, 3429731, 3429732, 3429733, 3429734, 3429735, 3429736, 3429737, 3429738, 3429739, 3429740, 3429741, 3429742, 3429743, 3429744, 3429745, 3429747, 3429748, 3429749, 3429750, 3429751, 3429752, 3429753, 3429754, 3429755, 3429756, 3429757, 3429758, 3429759, 3429760, 3429761, 3429762, 3429763, 3429764, 3429765, 3429766, 3429767, 3429768, 3429769, 3429770, 3444517, 3444518, 3444519, 3447119]"
610003,[354049],[3429746]
610005,[354053],"[3429795, 3429796, 3429797]"
610025,[354053],[3444527]
630005,"[354039, 354041, 352258, 354040]","[3430784, 3430785, 3430786, 3430787, 3430788, 3430789, 3430790, 3430791, 3430792, 3430793, 3430794, 3430795, 3430796, 3430797, 3430798, 3430799, 3430800, 3430801, 3430802, 3430803, 3430804, 3430805, 3430806, 3430807, 3430808, 3430809, 3430810, 3430811, 3430812, 3430813, 3430814, 3430815, 3430816, 3430817, 3430853]"
630002,"[354039, 354041, 354040, 352258]","[3430818, 3430819, 3430820, 3430821, 3430822, 3430823, 3430824, 3430825, 3430826, 3430827, 3430828, 3430829, 3430830, 3430831, 3430832, 3430833, 3430834, 3430835, 3430836, 3430837, 3430838, 3430839, 3430840, 3430841, 3430842, 3430843, 3430844, 3430845, 3430846, 3430847, 3430848, 3430849, 3430850, 3430851, 3430852]"
650002,"[354029, 354030, 354031, 354032, 354139]","[3430552, 3430553, 3430581, 3430582, 3430583, 3430584, 3430585, 3430586, 3430587, 3430588, 3430589, 3430590, 3430591, 3430592, 3430593, 3430594, 3430595, 3430596, 3430597, 3430598, 3430599, 3430600, 3430601, 3430602, 3430603, 3430604, 3430605, 3430606, 3430607, 3430617, 3430618, 3430619, 3430620, 3430621, 3430622, 3430623, 3430624]"
650019,"[354031, 354029, 354032, 354030, 354139]","[3430554, 3430555, 3430556, 3430557, 3430558, 3430559, 3430560, 3430561, 3430562, 3430563, 3430564, 3430565, 3430566, 3430567, 3430568, 3430569, 3430570, 3430571, 3430572, 3430573, 3430574, 3430575, 3430576, 3430577, 3430578, 3430579, 3430580, 3430608, 3430609, 3430610, 3430611, 3430612, 3430613, 3430614, 3430615, 3430616]"
670013,"[352446, 352448, 352449, 352442, 352444, 354015, 354051, 354029, 354064]","[3430251, 3430252, 3430253, 3430254, 3430255, 3430256, 3430257, 3430258, 3430259, 3430260, 3430261, 3430262, 3430263, 3430264, 3430265, 3430266, 3430267]"
670004,[354015],[3430268]
670014,"[354015, 352444, 352442, 352446, 352448, 352449, 354064, 354039, 354029]","[3430269, 3430270, 3430271, 3430272, 3430273, 3430274, 3430275, 3430276, 3430277, 3430278, 3430279, 3430280, 3430281, 3430282, 3430283, 3430284, 3430285]"
60020,"[352342, 352337, 352338, 352336, 352339, 352459, 352341, 352340]","[3431723, 3431724, 3431725, 3431726, 3431727, 3431728, 3431729, 3431730, 3431731, 3431732, 3431733, 3431734, 3431735, 3431736, 3431737, 3431738, 3431739, 3431740, 3431741, 3431742, 3431743, 3431744, 3431745, 3431746, 3431747, 3431748, 3431749, 3431750, 3431751, 3431752, 3431753, 3431754, 3431755, 3431756, 3431757, 3431794, 3431798]"
60019,"[352459, 352341, 352342, 352337, 352338, 352336, 352339, 352340]","[3431758, 3431759, 3431760, 3431761, 3431762, 3431763, 3431764, 3431765, 3431766, 3431767, 3431768, 3431769, 3431770, 3431771, 3431772, 3431773, 3431774, 3431775, 3431776, 3431777, 3431778, 3431779, 3431780, 3431781, 3431782, 3431783, 3431784, 3431785, 3431786, 3431787, 3431788, 3431789, 3431790, 3431791, 3431792, 3431793, 3431795]"
60010,[352338],[3431796]
60021,"[352341, 352435]","[3431797, 3431799]"
720004,"[352255, 352254, 352263]","[3431534, 3431539, 3431540, 3431543, 3431546, 3431548, 3431549, 3431551, 3431552, 3431553, 3431554, 3431560, 3431561, 3431562, 3431563, 3431566, 3431569]"
720005,"[352263, 352254, 352255]","[3431535, 3431536, 3431537, 3431538, 3431541, 3431542, 3431544, 3431545, 3431547, 3431550, 3431555, 3431556, 3431557, 3431558, 3431559, 3431567, 3431568]"
720009,[352254],[3431564]
720008,[352254],[3431565]
720006,[354048],[3431570]
720007,[352264],[3431571]
760001,"[352251, 352253]","[3431500, 3431501, 3431502, 3431503, 3431504, 3431505, 3431506, 3431507, 3431508, 3431509, 3431510, 3431511, 3431512, 3431513, 3431514, 3431515, 3431516]"
760002,"[352251, 352253]","[3431517, 3431518, 3431519, 3431520, 3431521, 3431522, 3431523, 3431524, 3431525, 3431526, 3431527, 3431528, 3431529, 3431530, 3431531, 3431532, 3431533]"
770005,"[352260, 352261, 352262, 352259]","[3431466, 3431467, 3431468, 3431469, 3431470, 3431471, 3431472, 3431473, 3431474, 3431475, 3431476, 3431477, 3431478, 3431479, 3431480, 3431481, 3431482]"
770006,"[352261, 352260, 352262, 352259]","[3431483, 3431484, 3431485, 3431486, 3431487, 3431488, 3431489, 3431490, 3431491, 3431492, 3431493, 3431494, 3431495, 3431496, 3431497, 3431498, 3431499]"
70001,"[352344, 352435, 352347, 352346, 352349, 352345, 352343, 352428]","[3431572, 3431573, 3431574, 3431575, 3431576, 3431577, 3431578, 3431579, 3431580, 3431581, 3431582, 3431583, 3431584, 3431585, 3431586, 3431587, 3431588, 3431589, 3431590, 3431591, 3431592, 3431593, 3431594, 3431595, 3431596, 3431597, 3431598, 3431599, 3431600, 3431601, 3431602, 3431603, 3431604, 3431605, 3431606, 3431607, 3431608, 3431609, 3431610, 3431611, 3431612, 3431613, 3431614, 3431615, 3431616, 3431617, 3431618, 3431619, 3431620, 3431621, 3431622, 3431623, 3431624, 3431625, 3431626, 3431627, 3431628, 3431629, 3431630, 3431631, 3431632, 3431633, 3431634, 3431635, 3431636, 3431637, 3431638, 3431639, 3431640, 3431641, 3431642, 3431643, 3431644, 3431720]"
70003,[352349],[3431645]
70004,"[352344, 352347]","[3431646, 3431718]"
70019,"[352349, 352345, 352343, 352347, 352346, 352428, 352344]","[3431647, 3431648, 3431649, 3431650, 3431651, 3431652, 3431653, 3431654, 3431655, 3431656, 3431657, 3431658, 3431659, 3431660, 3431661, 3431662, 3431663, 3431664, 3431665, 3431666, 3431667, 3431668, 3431669, 3431670, 3431671, 3431672, 3431673, 3431674, 3431675, 3431676, 3431677, 3431678, 3431679, 3431680, 3431681, 3431682, 3431683, 3431684, 3431685, 3431686, 3431687, 3431688, 3431689, 3431690, 3431691, 3431692, 3431693, 3431694, 3431695, 3431696, 3431697, 3431698, 3431699, 3431700, 3431701, 3431702, 3431703, 3431704, 3431705, 3431706, 3431707, 3431708, 3431709, 3431710, 3431711, 3431712, 3431713, 3431714, 3431715, 3431716, 3431717, 3431719, 3431722]"
70020,[352344],[3431721]
80020,"[352348, 352426, 352425, 352429, 352424, 352418, 352419, 352422, 352421, 352423, 352321, 352420, 352430, 354100, 352431]","[3431337, 3431338, 3431339, 3431340, 3431341, 3431342, 3431343, 3431344, 3431345, 3431346, 3431347, 3431348, 3431349, 3431350, 3431351, 3431352, 3431353, 3431354, 3431355, 3431356, 3431357, 3431358, 3431359, 3431360, 3431361, 3431362, 3431363, 3431364, 3431365, 3431366, 3431367, 3431368, 3431369, 3431370, 3431371, 3431372, 3431373, 3431374, 3431375, 3431376, 3431377, 3431378, 3431379, 3431380, 3431381, 3431382, 3431383, 3431384, 3431385, 3431435, 3431444, 3431456, 3431457, 3431458, 3431459, 3431460, 3431461, 3431462, 3431463, 3431464, 3431465]"
80008,"[352420, 352429, 352424, 352418, 352419, 352422, 352421, 352423, 352348, 352321, 352426, 354100, 352425, 352431, 352430]","[3431386, 3431387, 3431388, 3431389, 3431390, 3431391, 3431392, 3431393, 3431394, 3431395, 3431396, 3431397, 3431398, 3431399, 3431400, 3431401, 3431402, 3431403, 3431404, 3431405, 3431406, 3431407, 3431408, 3431409, 3431410, 3431411, 3431412, 3431413, 3431414, 3431415, 3431416, 3431417, 3431418, 3431419, 3431420, 3431421, 3431422, 3431423, 3431424, 3431425, 3431426, 3431427, 3431428, 3431429, 3431430, 3431431, 3431432, 3431433, 3431438, 3431439, 3431441, 3431446, 3431447, 3431448, 3431449, 3431450, 3431451, 3431452, 3431453, 3431454, 3431455]"
80009,[352420],[3431434]
80021,"[352421, 352467]","[3431436, 3431445]"
80011,"[352425, 352348]","[3431437, 3431442]"
80012,"[352431, 352391]","[3431440, 3431443]"
80023,[354099],[3446821]
98010002,[352322],[3431336]
98510007,[354101],[3429616]
99520003,[355311],[3480604]
90005,"[352356, 352350, 352351, 352360, 352358, 352355, 352361, 352359, 352352, 352357, 352467, 352354, 352353, 352395]","[3429991, 3429992, 3429993, 3429994, 3429995, 3429996, 3429997, 3429998, 3429999, 3430000, 3430001, 3430002, 3430003, 3430004, 3430005, 3430006, 3430007, 3430008, 3430009, 3430010, 3430011, 3430012, 3430013, 3430014, 3430015, 3430016, 3430017, 3430018, 3430019, 3430020, 3430021, 3430022, 3430023, 3430024, 3430025, 3430026, 3430027, 3430028, 3430029, 3430030, 3430031, 3430032, 3430033, 3430034, 3430035, 3430036, 3430037, 3430038, 3430039, 3430040, 3430041, 3430087, 3430089, 3430093, 3430096, 3430097, 3430098, 3430100, 3430105, 3430107]"
90006,"[352350, 352467, 352354, 352360, 352353, 352358, 352355, 352361, 352352, 352357, 352356, 352351, 352359]","[3430042, 3430043, 3430044, 3430045, 3430046, 3430047, 3430048, 3430049, 3430050, 3430051, 3430052, 3430053, 3430054, 3430055, 3430056, 3430057, 3430058, 3430059, 3430060, 3430061, 3430062, 3430063, 3430064, 3430065, 3430066, 3430067, 3430068, 3430069, 3430070, 3430071, 3430072, 3430073, 3430074, 3430075, 3430076, 3430077, 3430078, 3430079, 3430080, 3430081, 3430082, 3430083, 3430084, 3430085, 3430086, 3430088, 3430090, 3430091, 3430092, 3430094, 3430095, 3430099, 3430101, 3430102, 3430103, 3430104, 3430106, 3430108, 3430109]"
